CLIENTE_ID,NOMBRE,AP_MATERNO,AP_PATERNO,DOMICILIO,CORREO,FECHA_CUMPLEANIOS
1,Gabriela,Balaizot,McClymond,931 Burrows Avenue,gmcclymond0@instagram.com,31/01/2024
2,Domeniga,Mapstone,Laviste,9 Carioca Court,dlaviste1@jiathis.com,04/02/2024
3,Honor,Branscombe,Tottem,15014 Ruskin Point,htottem2@surveymonkey.com,27/08/2023
4,Bald,Binge,Priestland,35177 Claremont Crossing,bpriestland3@wordpress.com,04/11/2023
5,Una,Ranger,Keaton,0 Bellgrove Way,ukeaton4@discovery.com,20/07/2023
6,Samantha,Laboune,Longman,12 Briar Crest Plaza,slongman5@canalblog.com,15/07/2023
7,Bailey,Kneeshaw,Bohlsen,90724 Hayes Way,bbohlsen6@vkontakte.ru,18/04/2024
8,Quinlan,Ivery,Hardey,968 Waywood Way,qhardey7@senate.gov,16/06/2023
9,Noby,Casero,Curner,78 Veith Circle,ncurner8@furl.net,10/09/2023
10,Lisette,Velez,Booij,1700 Tony Circle,lbooij9@woothemes.com,13/12/2023
11,Goldina,Chimenti,Ranshaw,16 Cody Way,granshawa@cbsnews.com,29/06/2023
12,Dannie,Dyerson,Rown,8619 Rigney Trail,drownb@elegantthemes.com,11/03/2024
13,Augie,Weyland,Boatswain,207 Redwing Street,aboatswainc@mayoclinic.com,12/12/2023
14,Devland,Crowcroft,Fairbank,230 Debra Terrace,dfairbankd@cbslocal.com,08/07/2023
15,Jaime,Anersen,Sokill,83238 6th Avenue,jsokille@t.co,31/03/2024
16,Karola,Raffon,Focke,8 Mandrake Way,kfockef@privacy.gov.au,14/10/2023
17,Elijah,Fetters,Newman,2874 Annamark Circle,enewmang@wunderground.com,11/04/2024
18,Diarmid,Ivie,Kelston,414 Division Point,dkelstonh@ehow.com,24/07/2023
19,Tanney,Chauvey,Gilcrist,0 Division Lane,tgilcristi@accuweather.com,14/02/2024
20,Alleen,Glidder,Pawley,77539 Mandrake Drive,apawleyj@berkeley.edu,06/02/2024
21,Silvan,Constantine,Ronci,5838 Orin Court,sroncik@blogger.com,29/08/2023
22,Geordie,Gaiford,Gosnay,4340 Ilene Lane,ggosnayl@yandex.ru,19/01/2024
23,Marrilee,Swalwel,Bushell,99 Rockefeller Street,mbushellm@webnode.com,04/12/2023
24,Benita,Layfield,Bestiman,53 Southridge Terrace,bbestimann@fotki.com,17/08/2023
25,Eldon,Haggleton,Isley,3 Roth Junction,eisleyo@weather.com,22/08/2023
26,Meredithe,Jakobsson,Fadian,05372 Mallard Point,mfadianp@naver.com,11/11/2023
27,Gun,McClinton,Bonnick,192 Florence Alley,gbonnickq@patch.com,01/12/2023
28,Peirce,Seeviour,Caron,0934 Talmadge Drive,pcaronr@shinystat.com,28/07/2023
29,Rosemaria,Jent,Hussey,83508 Dennis Alley,rhusseys@creativecommons.org,10/04/2024
30,Ilyssa,Mussington,Dighton,6 New Castle Junction,idightont@i2i.jp,01/04/2024
31,Garold,Dunstan,Vince,82 Bunker Hill Court,gvinceu@ftc.gov,12/10/2023
32,Elton,Brosius,Cowdry,409 Bellgrove Avenue,ecowdryv@1688.com,08/12/2023
33,Anna,Oldknowe,Pusey,95 Coolidge Hill,apuseyw@surveymonkey.com,03/06/2024
34,Zaria,Hare,Godsafe,2968 Alpine Avenue,zgodsafex@pcworld.com,11/03/2024
35,Jecho,Screwton,Tipens,80 Bultman Terrace,jtipensy@sfgate.com,03/04/2024
36,Corilla,Hachard,Vanyutin,49 Iowa Trail,cvanyutinz@reddit.com,18/05/2024
37,Vin,Durbin,McEntagart,0 Moulton Plaza,vmcentagart10@clickbank.net,18/10/2023
38,Dusty,Staning,O'Shiel,2858 Old Shore Crossing,doshiel11@gnu.org,27/07/2023
39,Beryl,Spurdle,Routh,3337 Steensland Way,brouth12@infoseek.co.jp,29/02/2024
40,Marianne,Pizer,Galvan,7663 Brentwood Way,mgalvan13@163.com,05/02/2024
41,Willie,Aven,Arnson,68 Gerald Road,warnson14@behance.net,09/05/2024
42,Jana,MacAlester,Norsworthy,2855 Clove Road,jnorsworthy15@tinypic.com,16/12/2023
43,Gary,Rubega,Edgehill,585 Veith Pass,gedgehill16@mapy.cz,07/03/2024
44,Amerigo,Kluss,Chastel,6 Atwood Road,achastel17@washington.edu,14/05/2024
45,Nata,Spon,Kyncl,326 Shelley Terrace,nkyncl18@drupal.org,02/01/2024
46,Rachele,Johnston,Mitkin,4 Center Drive,rmitkin19@topsy.com,12/07/2023
47,Jorge,Carley,Jodkowski,944 Cardinal Center,jjodkowski1a@i2i.jp,07/12/2023
48,Carlos,Sandon,Methley,68 Graedel Pass,cmethley1b@eventbrite.com,27/06/2023
49,Henriette,Oliphand,Briars,17651 Hoepker Avenue,hbriars1c@nasa.gov,01/03/2024
50,Perry,Toffel,Kenton,771 Chinook Avenue,pkenton1d@cloudflare.com,13/10/2023
51,Yvonne,Langlands,Westmancoat,6528 Memorial Place,ywestmancoat1e@ycombinator.com,23/06/2023
52,Pam,Horlick,Longmuir,1549 Linden Road,plongmuir1f@huffingtonpost.com,22/01/2024
53,Rhody,Caplin,Minerdo,25 Lillian Circle,rminerdo1g@reddit.com,16/07/2023
54,Aube,Shewring,Main,9216 Graceland Crossing,amain1h@time.com,24/06/2023
55,Lou,Aleksandrikin,Pester,6841 Village Pass,lpester1i@ucla.edu,26/10/2023
56,Xylia,Egell,Kuller,482 Continental Way,xkuller1j@huffingtonpost.com,14/01/2024
57,Chrotoem,Skim,Spark,55692 Novick Plaza,cspark1k@dropbox.com,04/03/2024
58,Eden,Mourge,Pancoust,93 Crest Line Avenue,epancoust1l@discuz.net,18/11/2023
59,Walton,McLeese,Minnette,393 Homewood Pass,wminnette1m@imgur.com,20/12/2023
60,Pippa,Deighton,Coffey,217 Acker Circle,pcoffey1n@ebay.co.uk,20/03/2024
61,Artemus,Favela,Belison,95 Warrior Junction,abelison1o@timesonline.co.uk,05/05/2024
62,Melli,Dewan,Heamus,1 Reindahl Plaza,mheamus1p@dagondesign.com,20/01/2024
63,Gayla,Junkison,Malacrida,25 Gulseth Trail,gmalacrida1q@fda.gov,28/10/2023
64,Carlen,Charlot,Wind,7 Melrose Center,cwind1r@bbb.org,11/06/2023
65,Karim,Camplin,Masserel,358 Hayes Parkway,kmasserel1s@hp.com,14/04/2024
66,Gus,Reast,Blagdon,293 Anzinger Place,gblagdon1t@ebay.com,20/05/2024
67,Gilberto,Forward,Feasey,456 Iowa Crossing,gfeasey1u@dyndns.org,09/05/2024
68,Ynes,Broseke,Fanshaw,64 Thompson Parkway,yfanshaw1v@free.fr,01/12/2023
69,Jenn,Matejic,Heskins,66 Jenifer Center,jheskins1w@mtv.com,25/12/2023
70,Danell,Garces,FitzAlan,67183 Golden Leaf Place,dfitzalan1x@etsy.com,06/07/2023
71,Stu,Gladdifh,Latek,20 6th Avenue,slatek1y@fda.gov,10/11/2023
72,Salomone,Goldsbrough,Mottershaw,71 Buell Court,smottershaw1z@zdnet.com,06/04/2024
73,Aindrea,Colledge,Keir,39082 Toban Alley,akeir20@ebay.com,08/12/2023
74,Flo,Ehrat,Leebeter,0399 Arrowood Avenue,fleebeter21@bloomberg.com,22/02/2024
75,Lianna,Evason,Jezard,43918 Carpenter Way,ljezard22@ezinearticles.com,30/11/2023
76,Conroy,Manuely,Dranfield,138 6th Plaza,cdranfield23@amazon.de,17/09/2023
77,Wiley,Stapley,Gall,9006 Kings Court,wgall24@ihg.com,08/12/2023
78,Archibald,Capelow,Cringle,4638 Toban Junction,acringle25@wikimedia.org,09/12/2023
79,Ram,Petrulis,Mackriell,3422 7th Way,rmackriell26@cbc.ca,15/09/2023
80,Neile,Sharply,Di Nisco,4321 5th Parkway,ndinisco27@bbb.org,01/09/2023
81,Constance,Henderson,Cocking,816 Towne Hill,ccocking28@histats.com,09/03/2024
82,Ephrem,Langan,Jackett,27639 Hooker Hill,ejackett29@goo.gl,28/12/2023
83,Renault,Dibble,Culham,9 Prairie Rose Crossing,rculham2a@java.com,11/11/2023
84,Margery,Gabitis,Guillem,88 Sutteridge Avenue,mguillem2b@hubpages.com,31/05/2024
85,Lonna,Cariss,Bockman,66009 Union Lane,lbockman2c@ebay.com,13/05/2024
86,Haley,Bratton,Leavens,9031 Golf View Alley,hleavens2d@goo.ne.jp,16/11/2023
87,Valdemar,Greenset,Treace,5023 Charing Cross Junction,vtreace2e@de.vu,04/10/2023
88,Aron,Morfield,Norgate,6528 Union Court,anorgate2f@multiply.com,04/05/2024
89,Maxine,Canlin,Deegan,9850 Trailsway Pass,mdeegan2g@timesonline.co.uk,23/02/2024
90,Renato,Varley,Pessold,6 Bartelt Court,rpessold2h@newyorker.com,19/02/2024
91,Javier,Stollmeyer,Biers,4 Morrow Circle,jbiers2i@stanford.edu,29/02/2024
92,Valentin,Pipkin,Mila,47078 Anderson Road,vmila2j@huffingtonpost.com,24/07/2023
93,Madeline,Ramey,Langmaid,813 Ryan Drive,mlangmaid2k@seesaa.net,14/10/2023
94,Duffy,Pikhno,Duckham,27455 Coleman Parkway,dduckham2l@tamu.edu,08/05/2024
95,Murial,Kennea,Costan,6399 Bluejay Lane,mcostan2m@netvibes.com,23/08/2023
96,Corty,Bradburne,Sixsmith,321 Elka Trail,csixsmith2n@chron.com,12/06/2023
97,Lou,Launchbury,Twiddell,5661 Pepper Wood Hill,ltwiddell2o@house.gov,07/01/2024
98,Lorelei,Fullalove,Phette,39728 Mifflin Street,lphette2p@spotify.com,18/09/2023
99,Forest,Vertey,Heales,7707 Golf Park,fheales2q@skype.com,27/11/2023
100,Raleigh,Colquitt,Stallebrass,1 Milwaukee Way,rstallebrass2r@blogtalkradio.com,24/07/2023
101,Ianthe,Phorsby,Bottrell,3492 Johnson Court,ibottrell2s@github.io,27/07/2023
102,Sharity,Boulds,Darben,71777 Sloan Road,sdarben2t@ow.ly,01/02/2024
103,Chaddy,Glover,Grunguer,5 High Crossing Park,cgrunguer2u@tmall.com,13/04/2024
104,Bibby,Dobney,Solly,04 Corscot Parkway,bsolly2v@sakura.ne.jp,03/05/2024
105,Hashim,Bothams,Murrhaupt,19363 Dayton Crossing,hmurrhaupt2w@comsenz.com,23/03/2024
106,Stephanus,Feehery,Arntzen,3449 Bellgrove Terrace,sarntzen2x@123-reg.co.uk,08/04/2024
107,Muhammad,Weavill,Gregine,18861 Myrtle Road,mgregine2y@cnbc.com,05/07/2023
108,Eudora,MacAindreis,Cianelli,9662 Helena Road,ecianelli2z@discovery.com,04/07/2023
109,Orville,Aingell,Yakunchikov,10775 Melvin Alley,oyakunchikov30@elpais.com,10/03/2024
110,Roderic,Jowsey,Gyse,331 Melby Lane,rgyse31@amazonaws.com,29/09/2023
111,Boris,McTurley,Frackiewicz,7 Waxwing Junction,bfrackiewicz32@purevolume.com,27/05/2024
112,Faulkner,Abarough,Camoletto,5710 Anzinger Avenue,fcamoletto33@51.la,05/07/2023
113,Godart,Mepsted,Edens,18235 Oak Road,gedens34@parallels.com,30/09/2023
114,Hilly,Annear,McGarahan,98 Eliot Terrace,hmcgarahan35@reuters.com,04/10/2023
115,Bartolomeo,Sherratt,Scurrey,5 Lakewood Crossing,bscurrey36@fda.gov,07/07/2023
116,Anthony,Pomeroy,Deegan,43656 Clyde Gallagher Alley,adeegan37@google.cn,07/03/2024
117,Kellyann,Bulward,Benardette,9 American Place,kbenardette38@mapy.cz,07/02/2024
118,Nico,Dufore,Carse,47 Johnson Circle,ncarse39@squarespace.com,18/10/2023
119,Ernaline,Copper,Alflatt,33644 Randy Trail,ealflatt3a@last.fm,21/12/2023
120,Leeanne,Dreinan,Stoffersen,142 Arapahoe Terrace,lstoffersen3b@baidu.com,25/09/2023
121,Siana,Faunt,Purcer,12 Saint Paul Terrace,spurcer3c@pcworld.com,04/02/2024
122,Devora,Rubinov,Spilsburie,96059 Forest Dale Court,dspilsburie3d@freewebs.com,19/08/2023
123,Patrizia,Nials,Longhorn,7066 Westport Way,plonghorn3e@foxnews.com,25/07/2023
124,Yasmin,Sobczak,Nyssen,64459 Colorado Avenue,ynyssen3f@dion.ne.jp,23/06/2023
125,Royall,Carrell,Mattecot,0 Monument Way,rmattecot3g@ning.com,10/04/2024
126,Aymer,Skellington,Heymann,746 Morning Center,aheymann3h@delicious.com,12/05/2024
127,Noll,Caddock,Rounsefell,17 Bartelt Place,nrounsefell3i@pen.io,01/11/2023
128,Estella,Le Marquis,Corteis,79 Cherokee Trail,ecorteis3j@businesswire.com,13/02/2024
129,Duffie,Carabet,Creddon,591 Kenwood Pass,dcreddon3k@opensource.org,19/10/2023
130,Dorolice,Dyne,Reddin,85959 Thierer Plaza,dreddin3l@epa.gov,24/09/2023
131,Casi,Ellse,Daviddi,3438 Tomscot Alley,cdaviddi3m@skyrock.com,06/05/2024
132,Maggi,Jouanet,Hanretty,16279 Sutteridge Point,mhanretty3n@nydailynews.com,08/12/2023
133,Riva,Espino,Granham,4 Blue Bill Park Plaza,rgranham3o@irs.gov,13/11/2023
134,Kimberley,Jann,Goodbourn,76 Eastwood Road,kgoodbourn3p@about.me,30/05/2024
135,Kathy,Riley,Peskett,3264 Sullivan Junction,kpeskett3q@gmpg.org,16/12/2023
136,Amalle,Becconsall,Drever,745 Cambridge Point,adrever3r@sun.com,14/04/2024
137,Marietta,Milnthorpe,Bowering,5 Graedel Terrace,mbowering3s@issuu.com,27/05/2024
138,Louisa,Corlett,Reely,8 Merchant Pass,lreely3t@google.co.jp,12/02/2024
139,Emlynn,Gulk,Flatt,986 Red Cloud Center,eflatt3u@nbcnews.com,29/09/2023
140,Chelsea,Baselio,Gelly,94269 Loomis Lane,cgelly3v@symantec.com,12/07/2023
141,Tonie,Scocroft,Gledhill,07330 Corscot Way,tgledhill3w@tripadvisor.com,19/04/2024
142,Sayre,Gingles,Gration,918 Gulseth Parkway,sgration3x@foxnews.com,26/06/2023
143,Sallyanne,Legerton,Rillstone,11 Buell Place,srillstone3y@dot.gov,02/07/2023
144,Ugo,Gravener,Vause,836 Lien Point,uvause3z@goo.gl,01/10/2023
145,Ira,Decruse,Perrington,6 Sommers Junction,iperrington40@storify.com,06/11/2023
146,Sheeree,Sallery,Farren,49990 Lunder Point,sfarren41@gravatar.com,20/05/2024
147,Kylie,Nuemann,Goodwins,664 Johnson Way,kgoodwins42@goo.ne.jp,26/03/2024
148,Nanci,McRobb,Sullivan,88842 Stang Hill,nsullivan43@arstechnica.com,21/02/2024
149,Drake,McCerery,Botha,8 Morning Drive,dbotha44@scientificamerican.com,22/08/2023
150,Selby,Bourhill,Neilands,574 Troy Plaza,sneilands45@aboutads.info,20/11/2023
151,Valentijn,Postles,Partridge,19591 Pearson Point,vpartridge46@gov.uk,17/07/2023
152,Ashli,Walmsley,Norwich,3481 Hooker Court,anorwich47@paypal.com,15/08/2023
153,Kurtis,Oxtarby,Vere,4 Mifflin Street,kvere48@cbc.ca,18/09/2023
154,Jermaine,Trinder,Adamo,144 Meadow Vale Parkway,jadamo49@tiny.cc,28/01/2024
155,Gussie,Reinhart,Rosengren,153 Main Lane,grosengren4a@dailymotion.com,01/10/2023
156,Kathryne,Barczynski,Pavinese,07080 Hooker Point,kpavinese4b@stumbleupon.com,09/05/2024
157,Coop,Luter,Debold,1 Kipling Way,cdebold4c@qq.com,12/03/2024
158,Steffen,Asprey,Lamasna,08 Weeping Birch Way,slamasna4d@goo.gl,17/10/2023
159,Bess,Tome,Chauvey,8 Nancy Circle,bchauvey4e@bing.com,18/02/2024
160,Norene,Myderscough,Abazi,940 Morningstar Place,nabazi4f@google.com.au,05/06/2024
161,Tresa,Elcott,Paolino,3648 Mayer Pass,tpaolino4g@blinklist.com,08/12/2023
162,Isak,Goodyer,Pitchford,935 Jana Circle,ipitchford4h@nhs.uk,24/03/2024
163,Ermengarde,Markwell,Gunstone,6919 Lyons Point,egunstone4i@hao123.com,03/12/2023
164,Aaron,Browett,Siemens,2260 Stephen Lane,asiemens4j@xing.com,19/01/2024
165,Bidget,Lantuffe,Joskowicz,141 Stang Drive,bjoskowicz4k@theatlantic.com,09/08/2023
166,Shermy,Abate,Rubert,6735 Dottie Hill,srubert4l@yandex.ru,26/05/2024
167,Aloisia,Haldenby,Binley,0 Pearson Court,abinley4m@yolasite.com,08/10/2023
168,Westbrooke,Simmers,Eldin,63036 Dunning Circle,weldin4n@ebay.co.uk,09/11/2023
169,Rosalind,Sailor,Blaxter,3556 Hollow Ridge Alley,rblaxter4o@sakura.ne.jp,18/09/2023
170,Ronny,Hriinchenko,Chadderton,192 Mccormick Terrace,rchadderton4p@bbb.org,10/01/2024
171,Carmelia,Eberz,Louiset,60385 Southridge Terrace,clouiset4q@cbc.ca,12/05/2024
172,Moises,Stefanovic,Minmagh,2 Warbler Point,mminmagh4r@dion.ne.jp,05/07/2023
173,Fayre,Cadamy,Gowthorpe,1 Portage Drive,fgowthorpe4s@usatoday.com,01/06/2024
174,Penni,Graveston,Ramiro,87 Waubesa Circle,pramiro4t@guardian.co.uk,11/11/2023
175,Brody,Edleston,Camilleri,2692 Tony Trail,bcamilleri4u@de.vu,01/02/2024
176,Joyan,Arro,Aasaf,00 Almo Lane,jaasaf4v@ameblo.jp,18/09/2023
177,Dalt,Dimblebee,Seago,843 New Castle Drive,dseago4w@disqus.com,09/09/2023
178,Flemming,Clift,Endicott,974 Anderson Point,fendicott4x@plala.or.jp,29/04/2024
179,Shanon,Greatorex,Patching,4 Pawling Point,spatching4y@nbcnews.com,06/02/2024
180,Belita,Cappel,Shear,0 Butterfield Center,bshear4z@irs.gov,16/07/2023
181,Maybelle,Lissett,Guarnier,3 Crownhardt Park,mguarnier50@go.com,06/05/2024
182,Jessamine,Camacho,Lomansey,014 Del Sol Parkway,jlomansey51@desdev.cn,12/08/2023
183,Harrison,Baldetti,Camelia,10 Raven Point,hcamelia52@rakuten.co.jp,12/11/2023
184,Timmy,Shillabeer,Gellier,56981 Lindbergh Street,tgellier53@fc2.com,28/10/2023
185,Sibel,Barniss,Bambra,6 Hanover Plaza,sbambra54@e-recht24.de,05/10/2023
186,Kaye,Hrinchishin,Unsworth,267 Rockefeller Trail,kunsworth55@cbc.ca,05/01/2024
187,Jehanna,Crowdy,Lally,5 Cardinal Pass,jlally56@parallels.com,17/12/2023
188,Marika,Harefoot,Skelton,8418 Summit Road,mskelton57@myspace.com,19/11/2023
189,Sari,Ridd,Karppi,3 Charing Cross Terrace,skarppi58@nytimes.com,01/01/2024
190,Izzy,Hans,Bryns,8 Debs Court,ibryns59@so-net.ne.jp,11/09/2023
191,Adair,Critchell,Ewens,3120 Susan Street,aewens5a@ovh.net,02/05/2024
192,Dionne,Hansman,Kilfeather,29571 Ridgeway Point,dkilfeather5b@histats.com,15/06/2023
193,Hewe,Gouly,Ockwell,5 Bellgrove Junction,hockwell5c@sourceforge.net,04/12/2023
194,Lamond,Rought,Beames,899 Anthes Way,lbeames5d@google.co.jp,15/06/2023
195,Maurizio,Lockhead,Snaden,884 Carpenter Court,msnaden5e@google.com.br,07/07/2023
196,Cindee,Jeanin,Hanbury-Brown,7928 Crescent Oaks Plaza,chanburybrown5f@telegraph.co.uk,28/08/2023
197,Carolus,Dunthorne,Facchini,0 Lien Trail,cfacchini5g@weebly.com,23/12/2023
198,Grover,Aronstein,McGlaughn,3033 Delaware Road,gmcglaughn5h@ustream.tv,14/09/2023
199,Dougie,Dougharty,Blanchard,511 Vermont Way,dblanchard5i@wordpress.com,25/10/2023
200,Dareen,Gerred,Escritt,6 Prentice Park,descritt5j@bravesites.com,03/02/2024
201,Elaine,Wehner,Griffith,89549 Bluejay Lane,egriffith5k@bbc.co.uk,20/04/2024
202,Dian,Licence,Eldon,106 Jay Drive,deldon5l@youtube.com,16/03/2024
203,Teador,Guymer,Gorrie,89 Birchwood Avenue,tgorrie5m@fema.gov,12/02/2024
204,Meara,Chorlton,Cory,188 Monterey Parkway,mcory5n@wikipedia.org,02/02/2024
205,Mechelle,Ranaghan,Surguine,259 Killdeer Trail,msurguine5o@livejournal.com,25/06/2023
206,Aggie,Thompkins,Whaymand,6424 Sunfield Terrace,awhaymand5p@examiner.com,02/03/2024
207,Jerrine,Weal,Strangeways,9 Kings Court,jstrangeways5q@phoca.cz,28/11/2023
208,Corene,Redferne,Fishley,7544 Westerfield Circle,cfishley5r@youku.com,03/07/2023
209,Cindie,Bentke,Laborda,60487 Parkside Crossing,claborda5s@biblegateway.com,21/06/2023
210,Rob,Prantl,Verdon,4 Sundown Place,rverdon5t@bing.com,16/07/2023
211,Maudie,Levene,O'Cannavan,03 Loomis Street,mocannavan5u@google.pl,26/12/2023
212,Mella,Swales,Yurlov,14856 Shoshone Parkway,myurlov5v@narod.ru,16/04/2024
213,Susette,Cape,Swadon,20 Upham Park,sswadon5w@cnn.com,15/12/2023
214,Mandi,Rasch,Hamblyn,83704 Lake View Plaza,mhamblyn5x@cargocollective.com,17/01/2024
215,Keely,Ashmole,Croxon,9078 Hovde Crossing,kcroxon5y@digg.com,02/06/2024
216,Osborne,Janc,Debrick,43 Jana Trail,odebrick5z@virginia.edu,23/11/2023
217,Yard,Abbatucci,Wooffitt,6436 Bunker Hill Lane,ywooffitt60@hugedomains.com,18/05/2024
218,Ira,Broxup,Petroff,88200 Golf Trail,ipetroff61@twitpic.com,23/09/2023
219,Wilhelmine,Dimmer,Gotter,22588 Ridge Oak Point,wgotter62@unicef.org,29/05/2024
220,Debee,Luckcock,Gabbotts,2 Brentwood Way,dgabbotts63@e-recht24.de,18/03/2024
221,Roanna,Code,De Witt,66 Union Trail,rdewitt64@buzzfeed.com,14/12/2023
222,Kearney,Cansdale,Heathorn,84 Dexter Terrace,kheathorn65@cnet.com,26/08/2023
223,Putnem,Badham,Zini,899 7th Parkway,pzini66@chronoengine.com,06/05/2024
224,Shell,Booy,Elland,891 Packers Hill,selland67@usgs.gov,29/11/2023
225,Laryssa,Spincks,Goff,08 Huxley Way,lgoff68@opera.com,08/03/2024
226,Sharity,Dominiak,Gillingwater,34885 Longview Crossing,sgillingwater69@shinystat.com,10/11/2023
227,Cory,Filchagin,Gaines,514 Bobwhite Place,cgaines6a@soup.io,28/11/2023
228,Darill,Clamp,Arnaez,261 Mandrake Hill,darnaez6b@wikimedia.org,14/08/2023
229,Shir,Wingeat,Shipston,607 Karstens Place,sshipston6c@lycos.com,19/05/2024
230,Britte,Cristofol,Shawyer,34882 Bayside Circle,bshawyer6d@liveinternet.ru,24/05/2024
231,Harrison,Pury,Brannigan,6277 Mitchell Crossing,hbrannigan6e@seattletimes.com,22/11/2023
232,Roby,Rowley,Letchford,5635 Sunbrook Avenue,rletchford6f@guardian.co.uk,19/09/2023
233,Modestia,Pollastrino,Midlane,0784 Glacier Hill Center,mmidlane6g@nsw.gov.au,14/07/2023
234,Layla,Sillis,Chasmar,070 Namekagon Avenue,lchasmar6h@telegraph.co.uk,27/05/2024
235,Mamie,MacManus,Clarkson,28966 Declaration Terrace,mclarkson6i@skyrock.com,05/03/2024
236,Joaquin,Whiteside,Dumbarton,77 Golf View Park,jdumbarton6j@ucla.edu,27/09/2023
237,Carly,Hagan,Thornton,7 Derek Parkway,cthornton6k@businesswire.com,08/08/2023
238,Tedman,Capstick,Firsby,15018 Almo Trail,tfirsby6l@weibo.com,25/12/2023
239,Emma,Noakes,Cerman,51429 Northport Circle,ecerman6m@toplist.cz,12/08/2023
240,Georgetta,McLagan,Redmond,8368 Schmedeman Plaza,gredmond6n@furl.net,16/06/2023
241,Bibi,Taylorson,Habbeshaw,21530 Arkansas Crossing,bhabbeshaw6o@e-recht24.de,11/01/2024
242,Clement,Omar,Briggdale,67086 Ohio Way,cbriggdale6p@networkadvertising.org,29/10/2023
243,Chick,Pirrey,Fursland,04 Oriole Court,cfursland6q@nps.gov,09/01/2024
244,Babita,Arne,Tideswell,506 Reindahl Place,btideswell6r@seesaa.net,02/02/2024
245,Percy,Mattimoe,Wabe,2 Oak Valley Court,pwabe6s@europa.eu,15/06/2023
246,Chandal,Alelsandrovich,Twinborne,0 Clemons Alley,ctwinborne6t@bandcamp.com,06/03/2024
247,Maure,Beynon,Lunk,980 Golden Leaf Court,mlunk6u@ebay.co.uk,10/10/2023
248,Marya,Strathern,Golly,55067 Troy Street,mgolly6v@163.com,15/06/2023
249,Luise,Crosson,Robbs,18 Gulseth Crossing,lrobbs6w@omniture.com,15/12/2023
250,Kamilah,Simmonds,Tothacot,6 Vahlen Circle,ktothacot6x@woothemes.com,23/02/2024
251,Lindon,Biggerdike,Broxton,5 Alpine Avenue,lbroxton6y@livejournal.com,04/06/2024
252,Carlen,Varndell,Jeffcoat,947 Walton Center,cjeffcoat6z@wikimedia.org,19/11/2023
253,Marlena,Sorsby,Bushe,29 Lakewood Lane,mbushe70@europa.eu,26/04/2024
254,Mitchel,Pyson,Zettoi,21 Delaware Parkway,mzettoi71@alibaba.com,14/12/2023
255,Evonne,Farady,Crowley,7 Loftsgordon Point,ecrowley72@state.gov,20/02/2024
256,Ernestine,McBain,Duding,3 Old Gate Way,eduding73@stumbleupon.com,03/07/2023
257,Avrit,Seeds,Etchells,2 Lien Circle,aetchells74@meetup.com,23/03/2024
258,Gae,Danforth,Leggis,1073 Harper Lane,gleggis75@uol.com.br,12/04/2024
259,Darcee,Trenchard,Azemar,07 Jay Hill,dazemar76@un.org,03/04/2024
260,Em,Fasset,Spikins,2943 Browning Hill,espikins77@examiner.com,24/10/2023
261,Didi,Rau,Marcos,0 Straubel Place,dmarcos78@photobucket.com,15/10/2023
262,Hanni,MacAnelley,Tinner,87524 Little Fleur Way,htinner79@php.net,09/10/2023
263,Westbrook,Dulson,Kinton,43984 Meadow Valley Terrace,wkinton7a@elegantthemes.com,22/01/2024
264,Bastian,Hailston,Pavlenkov,755 Dwight Court,bpavlenkov7b@who.int,25/04/2024
265,Deva,Baylie,Byham,894 Laurel Place,dbyham7c@wiley.com,14/09/2023
266,Wayne,Penn,Clapshaw,687 Bluestem Alley,wclapshaw7d@ifeng.com,01/11/2023
267,Joni,Menlove,Gurg,65658 Hovde Way,jgurg7e@so-net.ne.jp,01/02/2024
268,Dall,Girardin,D'Elia,96 Portage Street,ddelia7f@sogou.com,01/10/2023
269,Nate,Birkenshaw,Murison,347 Arrowood Way,nmurison7g@uol.com.br,07/09/2023
270,Joanne,Alsopp,Ing,37 Algoma Circle,jing7h@weebly.com,21/02/2024
271,Corey,Bushby,Schankel,5 Bartillon Hill,cschankel7i@si.edu,18/10/2023
272,Adelle,Meneely,Absolem,93 Manitowish Parkway,aabsolem7j@nhs.uk,05/09/2023
273,Sandye,Ronisch,Giraldon,436 Lakewood Gardens Road,sgiraldon7k@pcworld.com,20/01/2024
274,Daron,Pinching,Cresswell,4 Eagan Center,dcresswell7l@amazon.co.uk,07/01/2024
275,Martina,Eckford,Banbridge,17066 Alpine Terrace,mbanbridge7m@baidu.com,02/11/2023
276,Cori,Neeves,Jaquest,7 Arizona Pass,cjaquest7n@wsj.com,24/12/2023
277,Obie,Ciementini,Caslake,87281 Fairfield Center,ocaslake7o@nba.com,11/06/2023
278,Wayne,Cockerton,Calltone,7 Sunfield Hill,wcalltone7p@chron.com,15/02/2024
279,Inge,Matiasek,Bonnesen,98 Artisan Drive,ibonnesen7q@chron.com,17/04/2024
280,Walliw,Najara,Jakubovitch,061 Express Pass,wjakubovitch7r@loc.gov,06/03/2024
281,Grata,Lainge,Tremethack,2 Dexter Street,gtremethack7s@disqus.com,24/08/2023
282,Gradeigh,Letixier,Liley,66 Upham Place,gliley7t@mtv.com,19/10/2023
283,Sisile,Mouth,Tapsfield,5 Memorial Point,stapsfield7u@tuttocitta.it,09/08/2023
284,Thornton,Leipold,Sibbering,74926 Evergreen Drive,tsibbering7v@infoseek.co.jp,16/11/2023
285,Erasmus,Dahlback,Gatchell,06491 Bartelt Hill,egatchell7w@forbes.com,06/02/2024
286,Anthony,Durie,Pepperell,571 Tomscot Parkway,apepperell7x@dion.ne.jp,02/07/2023
287,Lena,Housam,Moralas,9305 Corry Alley,lmoralas7y@360.cn,17/09/2023
288,Keane,Butt Gow,Cooksey,9 Moose Street,kcooksey7z@merriam-webster.com,31/10/2023
289,Gustavo,Hobbing,Oats,748 Westerfield Park,goats80@slate.com,01/01/2024
290,Felicia,Fallens,Cartmill,92 Reindahl Circle,fcartmill81@parallels.com,25/02/2024
291,Bartolemo,Nourse,Normanville,8615 Maryland Parkway,bnormanville82@phoca.cz,26/07/2023
292,Penelope,Melladew,Guite,12 Chive Road,pguite83@princeton.edu,19/10/2023
293,Norby,Assender,Kelson,31797 Luster Park,nkelson84@jugem.jp,29/03/2024
294,Bent,Colerick,Bente,7574 Cherokee Plaza,bbente85@domainmarket.com,10/02/2024
295,Ber,Planque,Coultass,85 Forest Park,bcoultass86@irs.gov,29/11/2023
296,Ernie,Poppleton,Iannelli,83526 Mitchell Road,eiannelli87@cdbaby.com,18/11/2023
297,Ashlan,Vasilyev,Whittington,2 Riverside Way,awhittington88@t.co,07/05/2024
298,Rhea,Tothe,Dunnan,87672 Butterfield Hill,rdunnan89@weather.com,12/07/2023
299,Angelo,Colls,Singh,18555 Longview Hill,asingh8a@auda.org.au,26/11/2023
300,Berta,Duham,Bamforth,758 Summer Ridge Lane,bbamforth8b@seesaa.net,18/03/2024
301,Clement,Blaver,Bartrap,12 Clarendon Place,cbartrap8c@vinaora.com,12/03/2024
302,Hedvig,Poskitt,Kilcoyne,02 Sugar Hill,hkilcoyne8d@newsvine.com,23/10/2023
303,Bald,McCadden,Josefson,43 Bluestem Pass,bjosefson8e@github.com,23/12/2023
304,Simone,Knibb,Sorley,81 Clove Lane,ssorley8f@bloomberg.com,13/06/2023
305,Corene,Hinners,Le Grice,206 Warbler Alley,clegrice8g@storify.com,19/03/2024
306,Vincent,Quaife,Glasspoole,2 La Follette Road,vglasspoole8h@samsung.com,05/05/2024
307,Sheffy,Tomczynski,Aspole,42395 International Street,saspole8i@istockphoto.com,21/05/2024
308,Clare,Vaun,Gianasi,6 Linden Road,cgianasi8j@ftc.gov,14/01/2024
309,Olenolin,Peet,Sneyd,26230 Riverside Plaza,osneyd8k@addtoany.com,02/07/2023
310,Cammy,Andor,McGeown,18431 Maywood Way,cmcgeown8l@cornell.edu,12/09/2023
311,Cody,La Batie,Antonias,51263 Thompson Park,cantonias8m@cloudflare.com,15/01/2024
312,Mord,Kinkaid,Carswell,01113 Burning Wood Point,mcarswell8n@auda.org.au,29/06/2023
313,Rogers,Cleverley,Caile,51 Golden Leaf Trail,rcaile8o@mail.ru,09/01/2024
314,Athene,Bru,Dutch,422 Claremont Circle,adutch8p@ebay.com,23/11/2023
315,Ray,Vickarman,McAuley,330 Lyons Plaza,rmcauley8q@amazon.co.jp,25/05/2024
316,Domenico,Snuggs,Urien,42 Russell Trail,durien8r@zimbio.com,12/03/2024
317,Rochella,Daughtry,Meneghelli,7 Northridge Point,rmeneghelli8s@theatlantic.com,03/12/2023
318,Fair,Hadrill,Spires,08999 Loeprich Terrace,fspires8t@irs.gov,13/03/2024
319,Garrek,Schermick,Froud,7606 Calypso Crossing,gfroud8u@usnews.com,08/09/2023
320,Griffy,Gaffney,Dykas,26 Emmet Alley,gdykas8v@zdnet.com,07/09/2023
321,Fin,De Domenicis,Girdwood,65 Randy Point,fgirdwood8w@squarespace.com,10/01/2024
322,Elyssa,O'Harney,Feldmesser,06 Victoria Place,efeldmesser8x@cafepress.com,20/02/2024
323,Izzy,Robley,Huggins,7 Oak Valley Crossing,ihuggins8y@vinaora.com,20/02/2024
324,Marys,Oboy,Bettinson,0 West Junction,mbettinson8z@ca.gov,23/11/2023
325,Sonja,Waiton,Tumility,4256 Rieder Hill,stumility90@techcrunch.com,28/08/2023
326,Howie,Meredith,MacNeely,666 Pankratz Junction,hmacneely91@tinyurl.com,12/07/2023
327,Theressa,Fearnsides,Unsworth,7 Marquette Drive,tunsworth92@dagondesign.com,29/06/2023
328,Baxter,Paolo,Wederell,19142 Lakewood Gardens Parkway,bwederell93@pen.io,19/04/2024
329,Jaymie,Brookwood,Marquez,74 Anderson Plaza,jmarquez94@engadget.com,27/08/2023
330,Kiel,Greve,Neno,1 Old Shore Road,kneno95@bandcamp.com,09/11/2023
331,Inglebert,McLay,Cohani,4708 Twin Pines Road,icohani96@phpbb.com,07/09/2023
332,Valdemar,Skermer,Guyot,7777 Northland Alley,vguyot97@usatoday.com,16/06/2023
333,Madonna,Yukhnev,Durtnall,851 Weeping Birch Junction,mdurtnall98@elpais.com,26/04/2024
334,Antoine,Doubleday,Charlick,36 Shopko Road,acharlick99@nytimes.com,12/08/2023
335,Wilow,Gaskarth,Farfalameev,582 Mifflin Pass,wfarfalameev9a@vinaora.com,12/02/2024
336,Bary,Fevers,Keddy,68 Summit Lane,bkeddy9b@independent.co.uk,20/03/2024
337,Mignonne,Oiller,Lyddiatt,38 Blue Bill Park Circle,mlyddiatt9c@slideshare.net,27/09/2023
338,Darrin,Matsell,Byne,10 Prentice Center,dbyne9d@miitbeian.gov.cn,03/03/2024
339,Cristian,Matiashvili,Whorf,475 Fisk Court,cwhorf9e@spotify.com,12/06/2023
340,Helaina,Kybert,Hiddsley,7 Service Way,hhiddsley9f@over-blog.com,10/03/2024
341,Normy,Meese,Correa,1159 5th Way,ncorrea9g@hhs.gov,07/01/2024
342,Benjamen,Cowcha,McTear,43 Division Lane,bmctear9h@telegraph.co.uk,30/12/2023
343,Link,Chappell,Ladd,4021 Iowa Way,lladd9i@cbc.ca,26/11/2023
344,Staffard,Timewell,McQuilliam,33 Rutledge Park,smcquilliam9j@umn.edu,25/06/2023
345,Cherilynn,Tropman,Hamer,130 Cordelia Plaza,chamer9k@ibm.com,04/04/2024
346,Annissa,Jayume,McEllen,4 Killdeer Plaza,amcellen9l@cdc.gov,11/10/2023
347,Glynnis,Orange,Normanvill,8275 Twin Pines Pass,gnormanvill9m@ask.com,06/05/2024
348,Hanson,Conkie,Iwaszkiewicz,35 Gerald Alley,hiwaszkiewicz9n@google.ru,13/12/2023
349,Osbourne,McCoy,Barry,09646 Kipling Pass,obarry9o@netvibes.com,29/01/2024
350,Odo,Sly,Booi,27427 Judy Place,obooi9p@creativecommons.org,13/06/2023
351,Melita,Robjohns,Morecomb,9 Hansons Street,mmorecomb9q@dell.com,16/12/2023
352,Cindra,Culcheth,Roundtree,23 Reindahl Trail,croundtree9r@360.cn,29/12/2023
353,Olenka,Datte,Beckworth,26207 Tomscot Pass,obeckworth9s@stumbleupon.com,19/01/2024
354,Brose,Gerwood,James,0470 Ryan Alley,bjames9t@facebook.com,02/07/2023
355,Franchot,Troucher,Veronique,017 Ryan Point,fveronique9u@goo.ne.jp,19/01/2024
356,Lana,Chiplen,Hutchcraft,6350 Northwestern Junction,lhutchcraft9v@over-blog.com,03/09/2023
357,Delano,Leele,Markushkin,3 Clove Plaza,dmarkushkin9w@princeton.edu,21/05/2024
358,Ulrike,MacAllen,Bottrell,03010 Thackeray Plaza,ubottrell9x@opensource.org,10/04/2024
359,Kelby,Cluer,Connerry,28319 Caliangt Drive,kconnerry9y@auda.org.au,08/02/2024
360,Amelie,Cossey,Amor,64 Ridge Oak Plaza,aamor9z@apple.com,10/02/2024
361,Elyse,Marsland,Sewill,843 East Pass,esewilla0@joomla.org,31/08/2023
362,Palmer,Christophle,Arnaldy,7 Hermina Circle,parnaldya1@flavors.me,25/04/2024
363,Glyn,Overstall,Fredson,283 Washington Alley,gfredsona2@usnews.com,01/01/2024
364,Richart,Dunckley,Hewes,2699 Nelson Junction,rhewesa3@washingtonpost.com,19/12/2023
365,Wenda,Phizackerly,Hamor,798 Bay Court,whamora4@bluehost.com,14/05/2024
366,Kippy,Haslen,Kentish,853 Waxwing Plaza,kkentisha5@joomla.org,17/11/2023
367,Waylon,Hune,Oganesian,26368 Rockefeller Avenue,woganesiana6@google.ru,25/08/2023
368,Patsy,Hawkings,Babe,4 Jackson Trail,pbabea7@blogs.com,05/06/2024
369,Natividad,Bockman,Mapholm,7602 Nobel Circle,nmapholma8@fc2.com,12/04/2024
370,Alleyn,Abilowitz,Tzuker,742 Emmet Court,atzukera9@canalblog.com,06/09/2023
371,Blair,O'Sharkey,Dryden,6672 Sachtjen Trail,bdrydenaa@msn.com,25/05/2024
372,Reba,Dumphrey,Markl,759 Springs Pass,rmarklab@liveinternet.ru,26/10/2023
373,Paco,Harp,Fawdrie,0 Moulton Park,pfawdrieac@t-online.de,02/07/2023
374,Lurlene,Ionnidis,Balhatchet,9156 Nancy Drive,lbalhatchetad@reuters.com,01/09/2023
375,Siana,Mapp,Frampton,4682 Petterle Park,sframptonae@jiathis.com,21/04/2024
376,Bren,Stollberger,Haliday,51292 Larry Court,bhalidayaf@wikia.com,19/06/2023
377,Shermie,Schwartz,McCreery,6 Oxford Street,smccreeryag@pen.io,26/01/2024
378,Harri,Dobrowolski,Wimlet,2220 Fairfield Way,hwimletah@gnu.org,11/10/2023
379,Sela,Picker,Cowser,8136 Laurel Plaza,scowserai@miibeian.gov.cn,01/03/2024
380,Juana,Alderton,Yeabsley,14991 Spaight Alley,jyeabsleyaj@mediafire.com,20/01/2024
381,Farly,Ruprechter,Stratiff,21 Loeprich Park,fstratiffak@yahoo.co.jp,11/01/2024
382,Chrissie,Ingerith,Stening,848 Nelson Plaza,csteningal@bravesites.com,16/07/2023
383,Tasia,Meredyth,Tixier,13 Milwaukee Court,ttixieram@webeden.co.uk,29/12/2023
384,Conway,Tchaikovsky,Fazackerley,9179 Northfield Park,cfazackerleyan@liveinternet.ru,08/07/2023
385,Sam,Ely,Rebillard,156 Ridge Oak Street,srebillardao@statcounter.com,20/03/2024
386,Roz,Durtnall,Tamas,805 Lighthouse Bay Alley,rtamasap@indiatimes.com,03/03/2024
387,Leonid,Boar,Petrelli,863 Hudson Trail,lpetrelliaq@ted.com,07/02/2024
388,Mandi,Dobrovsky,Sherrell,265 Stone Corner Pass,msherrellar@latimes.com,05/03/2024
389,Frannie,Jobin,Barrowcliff,15282 Nova Alley,fbarrowcliffas@slate.com,01/07/2023
390,Barri,Tolomio,Peyro,177 Anderson Hill,bpeyroat@europa.eu,11/08/2023
391,Letty,Cowburn,Jiras,4783 Upham Plaza,ljirasau@bloglovin.com,01/10/2023
392,Josepha,Lewcock,Morey,89 Crescent Oaks Way,jmoreyav@ezinearticles.com,27/10/2023
393,Clair,Ivons,Stoltz,969 Di Loreto Plaza,cstoltzaw@nationalgeographic.com,20/07/2023
394,Edita,Bruty,Scupham,942 Transport Terrace,escuphamax@123-reg.co.uk,23/05/2024
395,Marianne,Longshaw,Crosi,7679 Manley Parkway,mcrosiay@instagram.com,23/04/2024
396,Ag,Rozzell,Stiegars,12277 Tomscot Place,astiegarsaz@ftc.gov,06/02/2024
397,Nadiya,Loisi,Haddacks,06 Vermont Circle,nhaddacksb0@altervista.org,14/02/2024
398,Lynett,Obin,Dymocke,2 Nancy Parkway,ldymockeb1@tinyurl.com,11/07/2023
399,Shell,Swainston,Roloff,2134 Fordem Road,sroloffb2@cnbc.com,18/05/2024
400,Rosemarie,Shipley,Goodlud,033 Comanche Place,rgoodludb3@ed.gov,23/01/2024
401,Darell,Heining,Ungerer,73610 Mariners Cove Avenue,dungererb4@springer.com,11/09/2023
402,Pooh,Millichip,Prewer,06 Golf Plaza,pprewerb5@jiathis.com,01/08/2023
403,Royce,Sylvaine,Coolahan,957 Dunning Road,rcoolahanb6@google.it,01/07/2023
404,Shayne,Crofthwaite,Coat,0 Kennedy Point,scoatb7@statcounter.com,02/03/2024
405,Clemente,Pittson,Nodes,1 Talisman Alley,cnodesb8@reverbnation.com,19/12/2023
406,Adams,Carde,Millwater,285 Thackeray Alley,amillwaterb9@slashdot.org,18/08/2023
407,Waldon,Zanuciolii,Capon,94 Moulton Road,wcaponba@statcounter.com,24/03/2024
408,Terrence,Grzesiewicz,Edwin,09 Sundown Circle,tedwinbb@t.co,26/04/2024
409,Eamon,Mulvey,Fletcher,08833 Evergreen Court,efletcherbc@icq.com,18/03/2024
410,Melvyn,Rubinowitz,Kitney,821 Glendale Alley,mkitneybd@webnode.com,06/08/2023
411,Nikola,Sherbourne,Copner,53633 Hauk Park,ncopnerbe@hao123.com,11/07/2023
412,Rodina,Lodewick,Phippen,91190 Monterey Street,rphippenbf@seattletimes.com,02/12/2023
413,Lexy,Fletcher,Kmieciak,9771 Manley Point,lkmieciakbg@dedecms.com,03/11/2023
414,Brent,Lethbridge,Giuron,167 Myrtle Park,bgiuronbh@people.com.cn,02/10/2023
415,Elene,Hembling,Huie,7 Nova Terrace,ehuiebi@ucsd.edu,24/02/2024
416,Mac,Holttom,Reinger,48 Huxley Place,mreingerbj@nba.com,17/03/2024
417,Mikel,Fogden,Atwel,27383 Rieder Hill,matwelbk@surveymonkey.com,04/02/2024
418,Kathleen,Menezes,Hebborn,81879 Fremont Center,khebbornbl@sogou.com,04/02/2024
419,Pris,Besset,Baudains,25 Dapin Plaza,pbaudainsbm@prweb.com,13/12/2023
420,Shaine,Dunsleve,Hatherley,35547 Delladonna Parkway,shatherleybn@craigslist.org,03/06/2024
421,Melitta,Bergstrand,Ledrane,0 Springs Point,mledranebo@deviantart.com,19/03/2024
422,Raynell,Jimmes,Varian,5 Golf View Court,rvarianbp@rambler.ru,18/03/2024
423,Milton,Breen,Ferreli,83 Fremont Circle,mferrelibq@altervista.org,27/08/2023
424,Raquela,Matthewson,Rosie,4 Coleman Trail,rrosiebr@nasa.gov,20/06/2023
425,Mateo,O'Heagertie,Tollmache,072 Mallory Street,mtollmachebs@wired.com,28/12/2023
426,Shirline,Iorillo,Coye,014 Dixon Park,scoyebt@fastcompany.com,12/08/2023
427,Pauline,O'Curneen,Kidwell,3 Trailsway Way,pkidwellbu@tripod.com,16/10/2023
428,Nanci,Evennett,Sealand,6344 Colorado Center,nsealandbv@google.com.au,29/07/2023
429,Devin,Halksworth,Sawer,9 Clarendon Court,dsawerbw@meetup.com,27/11/2023
430,Sibel,Nijssen,MacBarron,6438 Weeping Birch Way,smacbarronbx@elpais.com,26/11/2023
431,Tristam,Knolles-Green,Peagrim,57 Namekagon Center,tpeagrimby@marketwatch.com,26/09/2023
432,Hanna,Sculley,Polendine,65 Lotheville Alley,hpolendinebz@ycombinator.com,31/01/2024
433,Victoir,Pearce,holmes,39 Di Loreto Crossing,vholmesc0@comsenz.com,05/08/2023
434,Base,Bretton,Slessor,22389 Arkansas Avenue,bslessorc1@4shared.com,31/07/2023
435,Torey,Boundley,Calafato,05 Shasta Plaza,tcalafatoc2@ameblo.jp,30/04/2024
436,Uri,Vigne,Longina,60935 Carpenter Center,ulonginac3@drupal.org,14/07/2023
437,Corrine,Sifleet,Ioselevich,1 Birchwood Circle,cioselevichc4@networksolutions.com,21/12/2023
438,Silvie,Davitashvili,Dibdale,518 Artisan Park,sdibdalec5@hubpages.com,09/09/2023
439,Emlyn,Caltera,Browett,5265 Redwing Point,ebrowettc6@clickbank.net,25/06/2023
440,Grady,Ronnay,Matskiv,12 Sachtjen Place,gmatskivc7@soup.io,24/05/2024
441,Beatrisa,Deverson,Wilfinger,262 Carioca Alley,bwilfingerc8@census.gov,09/10/2023
442,Anica,Earwicker,Drillingcourt,417 Lukken Court,adrillingcourtc9@soundcloud.com,04/11/2023
443,Gaye,Andriveaux,Yeude,8451 Rigney Road,gyeudeca@woothemes.com,07/12/2023
444,Sholom,Filler,Mantz,15 Meadow Vale Terrace,smantzcb@quantcast.com,15/10/2023
445,Dar,O'Farrell,Oxnam,94890 1st Parkway,doxnamcc@google.com.br,25/02/2024
446,Bette-ann,Howatt,Sizzey,16 Sheridan Lane,bsizzeycd@icio.us,09/11/2023
447,Norbert,Eckersall,Cumbers,30180 Carey Park,ncumbersce@gmpg.org,31/03/2024
448,Wolfy,Squibbs,Hanny,8882 Service Road,whannycf@gmpg.org,25/12/2023
449,Linet,Badam,Foxworthy,8 Dryden Junction,lfoxworthycg@archive.org,17/12/2023
450,Sibylla,Boog,Meedendorpe,52 Hazelcrest Way,smeedendorpech@businessinsider.com,09/11/2023
451,Shannah,Benedettini,LeEstut,2413 Schlimgen Alley,sleestutci@pen.io,05/02/2024
452,Eadith,Heild,Hubbert,6532 Bayside Center,ehubbertcj@livejournal.com,09/11/2023
453,Aaron,Fanthome,Westnedge,77717 Merry Way,awestnedgeck@ebay.com,03/09/2023
454,Rickie,Helian,Malia,0 Summer Ridge Alley,rmaliacl@ftc.gov,03/11/2023
455,Lincoln,Lehrer,Simao,86 Marquette Junction,lsimaocm@mayoclinic.com,29/03/2024
456,Erhart,Aslett,Huddart,8 Surrey Pass,ehuddartcn@delicious.com,01/06/2024
457,Carissa,Wissby,Beller,2547 Fuller Plaza,cbellerco@umn.edu,06/06/2024
458,Raeann,Finci,Vigne,51324 David Crossing,rvignecp@sitemeter.com,18/05/2024
459,Caryl,Jeyes,Holson,753 Schlimgen Trail,cholsoncq@jigsy.com,28/04/2024
460,Estrellita,Traill,Watt,3 Jay Street,ewattcr@wiley.com,19/09/2023
461,Stearne,Lovegrove,Giovanizio,693 Loomis Way,sgiovaniziocs@virginia.edu,03/04/2024
462,Gaye,Jery,Nickels,3 Morningstar Hill,gnickelsct@friendfeed.com,13/06/2023
463,Lucian,Grzegorzewski,Eisikowitz,4965 Crownhardt Way,leisikowitzcu@narod.ru,09/08/2023
464,Wyatan,Apedaile,Lunnon,10 Bunker Hill Avenue,wlunnoncv@vk.com,08/07/2023
465,Nert,Drewell,Spruce,802 Waywood Pass,nsprucecw@bbc.co.uk,28/02/2024
466,Alfreda,Whickman,Stiegar,35 Briar Crest Terrace,astiegarcx@answers.com,04/01/2024
467,Tadd,Cavill,Mengo,08990 Cottonwood Terrace,tmengocy@ning.com,18/01/2024
468,Mabelle,Horlick,Reye,765 Bluestem Terrace,mreyecz@economist.com,09/07/2023
469,Mindy,Bernat,Blanko,1 Morrow Court,mblankod0@canalblog.com,14/06/2023
470,Berkly,Snalom,Gerault,97 Dapin Road,bgeraultd1@amazon.de,01/04/2024
471,Clayton,McIlvenna,Stoak,18 Burning Wood Hill,cstoakd2@apache.org,21/12/2023
472,Caesar,Curneen,Wyldish,11664 Vahlen Crossing,cwyldishd3@angelfire.com,07/11/2023
473,Gabie,Arbon,Skittles,4 Westend Street,gskittlesd4@tiny.cc,23/09/2023
474,Hamlin,Kynson,Greatbanks,6342 Farragut Pass,hgreatbanksd5@imgur.com,17/10/2023
475,Imogen,McDonnell,Ennew,28 Iowa Crossing,iennewd6@ihg.com,21/08/2023
476,Sargent,Ogg,Roddick,1545 Daystar Circle,sroddickd7@ocn.ne.jp,02/06/2024
477,Sal,Folkard,Neljes,21591 Tomscot Alley,sneljesd8@arizona.edu,05/11/2023
478,Tabbie,Hierro,Reid,09692 Mendota Terrace,treidd9@plala.or.jp,15/04/2024
479,Ealasaid,Forker,Stent,38 Mccormick Avenue,estentda@ca.gov,20/01/2024
480,Isadore,Kilshaw,Holbury,60158 Anzinger Terrace,iholburydb@japanpost.jp,07/07/2023
481,Jereme,Warn,Utterson,655 Novick Trail,juttersondc@cocolog-nifty.com,13/05/2024
482,Jackqueline,Tabert,Mcimmie,6355 Tomscot Hill,jmcimmiedd@netlog.com,28/09/2023
483,Fran,Ranklin,Laban,72211 Blaine Hill,flabande@usda.gov,25/04/2024
484,Derby,Nichol,Balaison,8 Vahlen Junction,dbalaisondf@phpbb.com,05/12/2023
485,Cristabel,Bullock,Struther,1 Pankratz Center,cstrutherdg@google.com,27/04/2024
486,Rora,Kobu,Grigg,0 Golf Parkway,rgriggdh@mozilla.com,23/09/2023
487,Nealson,Ghost,Boag,736 Moland Junction,nboagdi@last.fm,25/08/2023
488,Meggy,Fransoni,Van Rembrandt,38 Talisman Pass,mvanrembrandtdj@tripod.com,20/07/2023
489,Elihu,Bloxsom,Najera,278 Logan Court,enajeradk@ted.com,03/04/2024
490,Selig,Hyatt,Butters,69 Sheridan Avenue,sbuttersdl@biblegateway.com,02/09/2023
491,Timi,Arniz,Cholton,05 Upham Avenue,tcholtondm@redcross.org,11/01/2024
492,Franchot,Ellery,Andreucci,01 Alpine Drive,fandreuccidn@mlb.com,29/06/2023
493,Kristofer,Layfield,Langhor,44 Forest Dale Pass,klanghordo@google.co.jp,17/04/2024
494,Eliot,Rumbelow,Itscowics,92716 Southridge Terrace,eitscowicsdp@chron.com,08/09/2023
495,Regina,Crawford,Baker,93628 Thierer Road,rbakerdq@stumbleupon.com,19/09/2023
496,Angie,Indgs,Tearny,2 Nobel Hill,atearnydr@printfriendly.com,24/03/2024
497,Bonni,Sherrum,Goodlake,328 Service Plaza,bgoodlakeds@rediff.com,19/08/2023
498,Cariotta,Rief,Purdy,27 Hooker Parkway,cpurdydt@telegraph.co.uk,03/12/2023
499,Margaretta,Harp,Harman,54 Jackson Alley,mharmandu@canalblog.com,28/04/2024
500,Clarey,D'Hooge,Aitkin,5 Kennedy Court,caitkindv@mayoclinic.com,19/12/2023
501,Erma,Lorrimer,Bewshire,744 Bayside Plaza,ebewshiredw@marketwatch.com,16/01/2024
502,Libbie,Mathys,Ferrarin,710 Crest Line Road,lferrarindx@sogou.com,14/07/2023
503,Geralda,Durbyn,Persence,4248 Main Trail,gpersencedy@va.gov,31/01/2024
504,Roxy,Biesty,De'Vere - Hunt,6435 Mallory Court,rdeverehuntdz@twitpic.com,04/11/2023
505,Krispin,Pinnijar,Losselyong,8 Scott Crossing,klosselyonge0@simplemachines.org,31/07/2023
506,Valdemar,Dewicke,Brewin,0 Rusk Crossing,vbrewine1@issuu.com,24/08/2023
507,Cristi,Hazelgrove,Chatterton,9040 Bashford Pass,cchattertone2@symantec.com,12/03/2024
508,Vasili,Dorr,Traise,3 Clarendon Avenue,vtraisee3@reverbnation.com,02/03/2024
509,Bernita,Jaqueminet,Sansome,24 Washington Parkway,bsansomee4@europa.eu,14/03/2024
510,Stanton,Boyford,Studde,018 Hanson Way,sstuddee5@intel.com,26/01/2024
511,Audrie,Ambrosch,Swine,589 Warbler Parkway,aswinee6@usgs.gov,16/07/2023
512,Sammy,Pleasaunce,Eccleshare,1996 Merry Avenue,secclesharee7@prlog.org,06/11/2023
513,Judas,Sainz,Chesshyre,25915 Burrows Court,jchesshyree8@drupal.org,15/08/2023
514,Cyndi,Zanolli,Whewill,47 Bluejay Point,cwhewille9@twitpic.com,27/07/2023
515,Alain,Cotmore,Stackbridge,8182 Merrick Way,astackbridgeea@furl.net,11/05/2024
516,Shem,Yurkin,Wardhough,3129 Lillian Street,swardhougheb@meetup.com,28/08/2023
517,Elga,Glassup,Puckrin,09 Anzinger Center,epuckrinec@yellowbook.com,11/10/2023
518,Don,Fleischmann,McGaffey,91894 Fairfield Junction,dmcgaffeyed@tinyurl.com,25/09/2023
519,Mada,Bratch,Bodechon,019 Magdeline Lane,mbodechonee@pen.io,22/12/2023
520,Belicia,Jedrzejkiewicz,Everingham,05905 Sachs Plaza,beveringhamef@constantcontact.com,09/04/2024
521,Hortense,Silby,Heller,8030 Kensington Lane,hhellereg@devhub.com,02/11/2023
522,Shaine,Tungay,Barszczewski,5118 Clarendon Way,sbarszczewskieh@creativecommons.org,30/10/2023
523,Gregorius,Aird,Pettifer,6 Maryland Terrace,gpettiferei@guardian.co.uk,21/08/2023
524,Ree,Gelder,Kohlert,34661 Fallview Pass,rkohlertej@mozilla.com,19/05/2024
525,Abran,Dingivan,Lintill,85121 Mitchell Alley,alintillek@i2i.jp,07/02/2024
526,Alyss,Ianilli,Ojeda,07672 Green Park,aojedael@cbc.ca,01/11/2023
527,Jesus,Carlick,Braywood,0 Shoshone Alley,jbraywoodem@blogger.com,03/08/2023
528,Peder,Baglin,Dyter,04 Sloan Terrace,pdyteren@github.com,10/11/2023
529,Betteanne,Comellini,Zoellner,8 Esch Court,bzoellnereo@kickstarter.com,25/01/2024
530,Lorraine,Matelyunas,Cowope,37031 Holmberg Lane,lcowopeep@economist.com,21/06/2023
531,Perice,Couth,Smuth,6 Nancy Park,psmutheq@gravatar.com,18/10/2023
532,Rubi,Lawty,Carnock,4 Hudson Center,rcarnocker@tamu.edu,04/12/2023
533,Bren,Risborough,Queree,19884 Troy Junction,bquereees@usnews.com,26/10/2023
534,Wynn,Paramore,Bilson,8 Orin Court,wbilsonet@yolasite.com,20/10/2023
535,Edgar,Sanderson,Rendbaek,7641 Melby Way,erendbaekeu@quantcast.com,02/07/2023
536,Lauren,Isted,Plastow,2 School Park,lplastowev@blinklist.com,10/09/2023
537,Vivianna,Moncur,Banbury,2660 Grover Plaza,vbanburyew@berkeley.edu,14/10/2023
538,Darrel,Peinton,Itzhayek,946 Acker Plaza,ditzhayekex@yandex.ru,06/12/2023
539,Winni,Pietasch,Wippermann,3 Fallview Center,wwippermanney@cloudflare.com,07/09/2023
540,Boyce,Zannuto,Pyner,3 Hudson Center,bpynerez@mayoclinic.com,28/08/2023
541,Feodor,Spawforth,Casali,6686 Mcguire Drive,fcasalif0@soup.io,04/03/2024
542,Judie,Heathfield,Barstock,2 Center Parkway,jbarstockf1@flavors.me,31/07/2023
543,Gabe,Room,Desantis,774 Wayridge Alley,gdesantisf2@taobao.com,05/10/2023
544,Jesus,Fishpond,Dacre,4667 Linden Crossing,jdacref3@twitpic.com,13/09/2023
545,Don,Leopard,Skokoe,9 Hollow Ridge Street,dskokoef4@feedburner.com,28/12/2023
546,Dewie,Clemenzo,Matyasik,53 Comanche Court,dmatyasikf5@blinklist.com,18/04/2024
547,Jennica,Kitchinghan,Lilburne,468 Sycamore Drive,jlilburnef6@addtoany.com,05/04/2024
548,Cody,Tabbernor,Splevins,6435 Welch Alley,csplevinsf7@sourceforge.net,15/07/2023
549,Koral,Robinett,Rigney,65 Hoffman Hill,krigneyf8@stumbleupon.com,03/09/2023
550,Darin,Cruess,Ronayne,2706 West Court,dronaynef9@list-manage.com,29/08/2023
551,Karen,Kernermann,Sherington,4 3rd Center,ksheringtonfa@dropbox.com,06/02/2024
552,Gwendolyn,Beeden,Myhill,001 Commercial Street,gmyhillfb@baidu.com,29/05/2024
553,Peria,Grigorey,Swabey,26056 Rutledge Crossing,pswabeyfc@epa.gov,21/08/2023
554,Lexy,Postans,Frangello,4075 Logan Hill,lfrangellofd@cbsnews.com,06/06/2024
555,Weylin,Heiton,Whewill,9853 Nancy Park,wwhewillfe@yellowbook.com,20/09/2023
556,Kaycee,Bellanger,Pudner,7099 Ridgeview Parkway,kpudnerff@woothemes.com,16/07/2023
557,Celina,Jollie,De Marchi,5 Victoria Road,cdemarchifg@dot.gov,18/12/2023
558,Nappy,Skupinski,Dwire,7951 Fisk Road,ndwirefh@about.me,10/05/2024
559,Tildi,Redmain,Rimington,41 4th Point,trimingtonfi@sourceforge.net,29/04/2024
560,Jamima,Ager,Casey,7909 Fairview Park,jcaseyfj@ftc.gov,10/02/2024
561,Noelle,Inderwick,Swaddle,4917 Kipling Trail,nswaddlefk@foxnews.com,30/12/2023
562,Jemima,Forsdike,Dell,562 Thackeray Alley,jdellfl@discuz.net,06/01/2024
563,Gal,Josupeit,Miebes,0 New Castle Center,gmiebesfm@weibo.com,18/03/2024
564,Napoleon,Trencher,Eringey,52 Lakewood Gardens Court,neringeyfn@purevolume.com,18/04/2024
565,Lidia,Janu,Schleicher,07 International Crossing,lschleicherfo@macromedia.com,21/02/2024
566,Hashim,Bletsoe,Yirrell,5363 Lukken Point,hyirrellfp@wordpress.com,01/09/2023
567,Giffie,Bondy,Falco,0687 Roxbury Trail,gfalcofq@livejournal.com,25/02/2024
568,Janis,Bridgwood,Spowart,42185 Brown Road,jspowartfr@dagondesign.com,05/08/2023
569,Domingo,Gipp,Yare,2848 Prairie Rose Pass,dyarefs@yahoo.com,01/12/2023
570,Kipp,Ralston,Pentony,1920 Goodland Road,kpentonyft@foxnews.com,06/12/2023
571,Valentina,Hamberstone,Tant,5 Golf Course Avenue,vtantfu@netlog.com,03/11/2023
572,Ofilia,Briddle,Paulsson,0975 Morning Plaza,opaulssonfv@goo.gl,05/04/2024
573,Noll,Reubbens,Lacey,73 Bonner Avenue,nlaceyfw@geocities.com,02/09/2023
574,Cele,Yellop,Folshom,92 Delladonna Pass,cfolshomfx@google.de,25/01/2024
575,Willie,Cisar,Dranfield,6 Independence Park,wdranfieldfy@goo.gl,28/05/2024
576,Ogden,MacConneely,Mathelon,24482 Becker Court,omathelonfz@apple.com,04/02/2024
577,Nicolea,Fisbey,Blachford,62467 Maple Center,nblachfordg0@e-recht24.de,26/09/2023
578,Loydie,Absolon,Dawes,00 Pennsylvania Crossing,ldawesg1@webs.com,14/12/2023
579,Dickie,Mitton,Regorz,74202 Marquette Place,dregorzg2@multiply.com,11/10/2023
580,Clementius,Matignon,Helliwell,5 Wayridge Crossing,chelliwellg3@devhub.com,03/06/2024
581,Gerrie,Cutteridge,Snoxell,2 Myrtle Point,gsnoxellg4@list-manage.com,15/01/2024
582,Hewie,Keddle,Swyn,7098 Sycamore Road,hswyng5@google.cn,28/01/2024
583,Nicolis,Paulet,Vasnetsov,5 Algoma Road,nvasnetsovg6@vimeo.com,19/05/2024
584,Gloriana,Pendrill,Balfre,199 Oxford Center,gbalfreg7@joomla.org,10/08/2023
585,Josy,Ackermann,Conn,37127 Mayfield Terrace,jconng8@imageshack.us,14/08/2023
586,Vita,Kaine,Motion,86159 Manufacturers Point,vmotiong9@de.vu,16/11/2023
587,Gisele,Strathdee,Bourhill,63013 Sachtjen Pass,gbourhillga@networkadvertising.org,02/06/2024
588,Alejandrina,Koppens,Barents,64135 1st Point,abarentsgb@nature.com,09/09/2023
589,Darsie,Ragot,Lapere,42753 Marcy Junction,dlaperegc@google.com.au,06/11/2023
590,Cam,Anders,Olivie,367 Manufacturers Drive,coliviegd@microsoft.com,02/04/2024
591,Wilhelmine,Copeland,Organ,10038 David Center,worgange@over-blog.com,10/12/2023
592,Pincus,Itscowics,Sydry,3129 Sunbrook Point,psydrygf@cbsnews.com,04/12/2023
593,Ester,Eliesco,Gouinlock,1703 Forest Circle,egouinlockgg@stanford.edu,26/08/2023
594,Sascha,Kimberly,Kembrey,083 Cody Street,skembreygh@xinhuanet.com,19/10/2023
595,Lefty,Giannoni,Welbelove,1 Gateway Pass,lwelbelovegi@squidoo.com,09/04/2024
596,Hillard,List,Grimble,98761 Elgar Park,hgrimblegj@epa.gov,26/01/2024
597,Claus,Ingles,Manus,73 Pankratz Parkway,cmanusgk@acquirethisname.com,06/04/2024
598,Madelin,Gilbee,Stellin,1 Weeping Birch Lane,mstellingl@nhs.uk,03/10/2023
599,Symon,Sothern,Kearey,03310 Lighthouse Bay Court,skeareygm@rediff.com,17/01/2024
600,Amelia,Murdy,Rosewarne,187 Milwaukee Hill,arosewarnegn@amazonaws.com,13/12/2023
601,Lucas,Hulland,Cancellor,912 Fulton Parkway,lcancellorgo@disqus.com,25/08/2023
602,Delcine,Hallihane,Withams,8169 Toban Place,dwithamsgp@usda.gov,30/10/2023
603,Rubia,Gilgryst,Copner,5 Anderson Point,rcopnergq@virginia.edu,05/02/2024
604,Darline,Dahlborg,Cescot,167 Forest Dale Junction,dcescotgr@telegraph.co.uk,12/07/2023
605,Pace,Davidovici,Griss,2 Spohn Center,pgrissgs@gnu.org,24/04/2024
606,Eugenia,Cours,McGing,92889 Spohn Street,emcginggt@washingtonpost.com,21/03/2024
607,Violet,Elmar,Eldered,6212 Cody Pass,velderedgu@taobao.com,29/08/2023
608,Marcellus,Pizzey,Shrubsall,28 Pankratz Drive,mshrubsallgv@illinois.edu,13/01/2024
609,Elenore,Haborn,Renzo,77489 Valley Edge Avenue,erenzogw@seesaa.net,27/06/2023
610,Octavius,Binny,Conway,252 Tennyson Park,oconwaygx@pagesperso-orange.fr,23/05/2024
611,Cinnamon,Myhan,Chiddy,05152 Service Pass,cchiddygy@nbcnews.com,06/12/2023
612,Ashien,Sarsfield,Burdon,7 Comanche Way,aburdongz@acquirethisname.com,26/10/2023
613,Jewell,O'Gorman,Ferrotti,0 Lerdahl Avenue,jferrottih0@ibm.com,23/10/2023
614,Lacy,Killby,McMearty,26237 Loomis Trail,lmcmeartyh1@cargocollective.com,27/01/2024
615,Faina,Armin,Beazey,3 Melvin Center,fbeazeyh2@163.com,22/04/2024
616,Vassily,Compford,Shemwell,34 Westend Crossing,vshemwellh3@thetimes.co.uk,04/07/2023
617,Fredric,Parysowna,Brockie,44 Arkansas Hill,fbrockieh4@quantcast.com,22/11/2023
618,Annabelle,Skewis,Morrissey,57 Farragut Crossing,amorrisseyh5@dailymotion.com,14/04/2024
619,Valaree,Powys,Iacovone,9 Paget Plaza,viacovoneh6@w3.org,11/07/2023
620,Giselbert,Acutt,Pledger,9 Karstens Plaza,gpledgerh7@yahoo.co.jp,28/12/2023
621,Margareta,Sterrie,Josifovitz,40 7th Place,mjosifovitzh8@taobao.com,11/12/2023
622,Foss,Canet,Knight,0 Eliot Hill,fknighth9@sakura.ne.jp,30/01/2024
623,Beatriz,Bowley,Darrington,18 Manley Street,bdarringtonha@mysql.com,12/11/2023
624,Darcie,Josephov,De Filippi,20934 Hayes Lane,ddefilippihb@dmoz.org,02/03/2024
625,Currey,Stanney,Aitchison,74820 Brickson Park Alley,caitchisonhc@themeforest.net,03/05/2024
626,May,Tales,Schoffler,9081 Iowa Drive,mschofflerhd@apple.com,29/08/2023
627,Carly,Szymanzyk,Erridge,92741 Merchant Court,cerridgehe@arstechnica.com,17/07/2023
628,Keeley,Freyn,Davidsohn,997 Green Drive,kdavidsohnhf@paypal.com,02/02/2024
629,Adamo,Wile,Radoux,002 Hintze Pass,aradouxhg@npr.org,29/03/2024
630,Wat,Gardner,Abbati,778 West Parkway,wabbatihh@psu.edu,23/10/2023
631,Hilly,Brombell,Clemmensen,433 Anhalt Road,hclemmensenhi@sohu.com,18/08/2023
632,Bobina,Croisdall,Hammell,4350 Bay Center,bhammellhj@goo.ne.jp,09/02/2024
633,Wilmar,Conti,Bletsor,6 Huxley Place,wbletsorhk@nasa.gov,07/02/2024
634,Allina,Rayman,Averall,8 Goodland Park,aaverallhl@china.com.cn,29/03/2024
635,Kenton,Union,Polden,0877 Sunnyside Court,kpoldenhm@parallels.com,16/07/2023
636,Mayor,Crasford,Gareisr,1517 Dawn Drive,mgareisrhn@google.pl,30/01/2024
637,Suzann,Hailwood,Edgeon,49573 Dahle Way,sedgeonho@freewebs.com,17/12/2023
638,Millicent,MacCaull,Robun,18538 Sunfield Crossing,mrobunhp@yelp.com,20/08/2023
639,Raleigh,Glanders,Tuiller,55 Clemons Center,rtuillerhq@tuttocitta.it,28/09/2023
640,George,Sugarman,Excell,5336 Almo Pass,gexcellhr@auda.org.au,21/07/2023
641,Emmott,Wickey,Walwood,3372 Bashford Circle,ewalwoodhs@github.com,28/06/2023
642,Lukas,Volke,Dumblton,89886 Parkside Hill,ldumbltonht@hugedomains.com,17/12/2023
643,Alexine,Prandi,Loveday,16 Bonner Place,alovedayhu@google.com,20/10/2023
644,Hildegarde,Scrivens,Wooffitt,2410 Kropf Point,hwooffitthv@dmoz.org,18/11/2023
645,Silvia,Windows,McSherry,57791 Holy Cross Terrace,smcsherryhw@timesonline.co.uk,18/11/2023
646,Elwin,Emma,Easman,4 Jenifer Circle,eeasmanhx@people.com.cn,30/01/2024
647,Binny,Tallow,Berrygun,7 Russell Terrace,bberrygunhy@google.cn,25/07/2023
648,Cyrille,Pasley,Brislawn,6158 Bunting Way,cbrislawnhz@economist.com,23/10/2023
649,Allx,Iredell,Colaton,75454 Lukken Road,acolatoni0@tinypic.com,05/04/2024
650,Angelique,Blaksland,Sturman,9 Mayer Drive,asturmani1@bizjournals.com,28/07/2023
651,Peg,Bastiman,Breitler,1 Surrey Center,pbreitleri2@cdc.gov,06/11/2023
652,Abby,Habard,Brunicke,04 Golden Leaf Way,abrunickei3@slashdot.org,03/08/2023
653,Jedd,Ropartz,Valentim,14 2nd Place,jvalentimi4@tuttocitta.it,21/04/2024
654,Julianna,Leavold,Odam,48263 Bashford Trail,jodami5@pcworld.com,17/01/2024
655,Theodor,Haresnape,Sabbin,44 Badeau Parkway,tsabbini6@theguardian.com,29/02/2024
656,Mandy,Badcock,Matous,7 Westport Way,mmatousi7@springer.com,02/07/2023
657,Aileen,Gotliffe,McIlvaney,676 Raven Crossing,amcilvaneyi8@macromedia.com,13/06/2023
658,Brewer,Corns,Wressell,2 Jenifer Trail,bwresselli9@discovery.com,30/06/2023
659,Onida,Enderlein,Spurrett,94770 Rusk Hill,ospurrettia@sakura.ne.jp,11/04/2024
660,Zena,Newing,Highway,80165 Ronald Regan Place,zhighwayib@howstuffworks.com,10/08/2023
661,Mei,Nason,Takkos,94 Namekagon Lane,mtakkosic@aboutads.info,25/08/2023
662,Laurens,Keilty,Reed,7 Starling Street,lreedid@salon.com,20/04/2024
663,Marty,Gemlett,Terry,99 Hoffman Court,mterryie@craigslist.org,03/01/2024
664,Cornelia,Merricks,Muneely,42882 Crowley Crossing,cmuneelyif@marriott.com,13/11/2023
665,Magda,Muffin,Ajean,6 Farmco Center,majeanig@symantec.com,07/05/2024
666,Gamaliel,Kirrens,Losel,8 Oak Valley Hill,gloselih@nydailynews.com,05/03/2024
667,Eddi,Longfut,Antonio,7 Ridgeview Hill,eantonioii@sun.com,21/10/2023
668,Rozella,Cracie,Goard,4318 Quincy Crossing,rgoardij@stanford.edu,23/08/2023
669,Gianina,Sargeant,Worssam,025 Elgar Point,gworssamik@redcross.org,11/06/2023
670,Rafi,Woodham,Hallbird,631 Lindbergh Plaza,rhallbirdil@shop-pro.jp,01/05/2024
671,Rosabella,Simmank,Jarvie,80080 Moulton Court,rjarvieim@bandcamp.com,15/07/2023
672,Augusta,Hammonds,Joyce,54333 Waxwing Way,ajoycein@cafepress.com,19/09/2023
673,Mirabelle,Berggren,Mulvany,25627 Harbort Pass,mmulvanyio@cisco.com,13/06/2023
674,Dru,Pietron,Dran,83889 Ridgeview Court,ddranip@redcross.org,09/04/2024
675,Haily,Blasetti,Gulc,99 Everett Court,hgulciq@tumblr.com,29/05/2024
676,Kerianne,Lanyon,Clowney,43 Del Sol Alley,kclowneyir@miibeian.gov.cn,04/05/2024
677,Melina,Shoutt,Larwood,4623 Ridgeway Parkway,mlarwoodis@tumblr.com,08/10/2023
678,Bonnee,Ferentz,Laws,3562 Eggendart Terrace,blawsit@tumblr.com,13/11/2023
679,Barbabas,Groomebridge,De Simone,94 Vidon Park,bdesimoneiu@devhub.com,28/06/2023
680,Cynthea,Carme,Wrightam,6 Bartillon Junction,cwrightamiv@surveymonkey.com,07/10/2023
681,Hadrian,Schurcke,Troughton,3965 Harper Crossing,htroughtoniw@over-blog.com,08/02/2024
682,Adora,Rewcastle,Burndred,8155 Dapin Point,aburndredix@hud.gov,20/10/2023
683,Marcie,Bassick,Ellesmere,46889 Laurel Way,mellesmereiy@mashable.com,25/09/2023
684,Yalonda,Jachimczak,Chimenti,41820 4th Street,ychimentiiz@moonfruit.com,16/09/2023
685,Micky,Saffe,Wordley,83090 6th Pass,mwordleyj0@google.fr,03/10/2023
686,Adolph,McAleese,Murty,302 Golf Circle,amurtyj1@com.com,06/08/2023
687,Row,Bubbings,Hedde,737 Monterey Center,rheddej2@prlog.org,07/06/2024
688,Del,Naden,Reichardt,20422 Tennyson Junction,dreichardtj3@1688.com,07/02/2024
689,Ilyssa,Blasgen,Tocknell,2476 Scofield Junction,itocknellj4@globo.com,21/03/2024
690,Dorothea,Taynton,Buckston,74 Lerdahl Pass,dbuckstonj5@wikimedia.org,16/03/2024
691,Trace,Simione,Ebbers,965 Green Ridge Road,tebbersj6@army.mil,19/03/2024
692,Wait,Sokale,Eagleton,70 Morrow Way,weagletonj7@twitpic.com,26/04/2024
693,Darren,Fursse,Armiger,527 Fairview Road,darmigerj8@1688.com,08/02/2024
694,Auberon,Coventon,Walczak,0 Elgar Terrace,awalczakj9@bing.com,26/06/2023
695,Valentin,Jzak,Conklin,86518 Nevada Alley,vconklinja@ucsd.edu,05/08/2023
696,Elden,Fowells,Trumper,9883 Butterfield Hill,etrumperjb@cdc.gov,19/08/2023
697,Vinson,Waywell,Marriott,20 Mayfield Park,vmarriottjc@linkedin.com,31/10/2023
698,Pamela,Zavittieri,Rousby,304 Vermont Terrace,prousbyjd@google.ru,02/09/2023
699,Ansell,Rowes,Routledge,44 Nova Court,aroutledgeje@wikimedia.org,03/12/2023
700,Brooke,Brownjohn,Kildahl,84 Ridgeview Trail,bkildahljf@cnbc.com,15/04/2024
701,Theodor,Dungate,Gley,8011 Kropf Alley,tgleyjg@washington.edu,30/05/2024
702,Edmon,Seamons,Goundry,950 Melby Drive,egoundryjh@google.ca,30/04/2024
703,Jacquenetta,Aicken,Blackledge,2 Tennyson Crossing,jblackledgeji@indiatimes.com,15/10/2023
704,Electra,Coudray,Quartermaine,2292 Thackeray Point,equartermainejj@samsung.com,14/06/2023
705,Dion,Mattaser,MacDiarmond,65 Stoughton Circle,dmacdiarmondjk@sciencedaily.com,01/02/2024
706,Hastie,Delete,Rundle,33805 Ohio Drive,hrundlejl@51.la,04/08/2023
707,Tani,Cruddas,Teece,15 Fremont Trail,tteecejm@fc2.com,27/01/2024
708,Free,Olyet,Paddeley,24502 Linden Drive,fpaddeleyjn@addthis.com,19/06/2023
709,Nathaniel,Lowing,Foord,15 Cody Junction,nfoordjo@meetup.com,20/12/2023
710,Victoir,O'Cannon,Sutherland,18006 Longview Plaza,vsutherlandjp@china.com.cn,12/05/2024
711,Rudyard,Peckitt,Norwell,31 John Wall Lane,rnorwelljq@live.com,28/10/2023
712,Esme,Suddell,McGilbon,761 Melvin Place,emcgilbonjr@google.co.jp,17/02/2024
713,Myrwyn,Calcut,Sandilands,38 Farmco Hill,msandilandsjs@cnet.com,02/02/2024
714,Jillie,Watson,Nern,66500 Armistice Lane,jnernjt@github.com,21/06/2023
715,Meade,Le Houx,Brumen,4 Melvin Avenue,mbrumenju@smugmug.com,26/08/2023
716,Juliet,Peplay,Ekless,86 Kim Trail,jeklessjv@marketwatch.com,06/09/2023
717,Alene,Cardenoza,Folks,681 Summerview Alley,afolksjw@privacy.gov.au,28/12/2023
718,Joseph,Borell,Maybery,6 Ludington Plaza,jmayberyjx@php.net,03/04/2024
719,Domenic,Rickerby,Latchmore,39 Saint Paul Park,dlatchmorejy@constantcontact.com,03/06/2024
720,Felita,Rennels,Daily,0 Service Center,fdailyjz@jiathis.com,27/03/2024
721,Vivie,Teggin,Butterly,84 Ohio Drive,vbutterlyk0@facebook.com,24/10/2023
722,Arleta,Robatham,Withinshaw,76 Portage Trail,awithinshawk1@flickr.com,23/03/2024
723,Lanie,Gerrens,Jzhakov,857 Artisan Court,ljzhakovk2@arizona.edu,13/04/2024
724,Heall,Longhorne,Bartomeu,0 Cardinal Plaza,hbartomeuk3@usda.gov,20/03/2024
725,Joete,Thornthwaite,Hatchette,18669 Loftsgordon Road,jhatchettek4@oakley.com,04/11/2023
726,Krystle,Claricoates,Plaistowe,20 Mitchell Place,kplaistowek5@scientificamerican.com,10/09/2023
727,Ring,Flaubert,Pace,5 Carioca Alley,rpacek6@blog.com,24/07/2023
728,Gilda,Danaher,Mathonnet,58 Talmadge Alley,gmathonnetk7@tumblr.com,19/09/2023
729,Kendre,Ivanikhin,Curwen,54 Goodland Avenue,kcurwenk8@fda.gov,01/01/2024
730,Ruby,Donat,Ummfrey,2768 Fordem Court,rummfreyk9@cloudflare.com,11/03/2024
731,Chicky,Lilleman,Scurry,6 Carberry Trail,cscurryka@vistaprint.com,09/04/2024
732,Codi,Tanguy,Dymoke,96 School Street,cdymokekb@soup.io,03/10/2023
733,Clayson,Scraggs,Grain,95896 Helena Parkway,cgrainkc@epa.gov,10/04/2024
734,Lazaro,Badman,Noweak,37 Dayton Center,lnoweakkd@census.gov,24/07/2023
735,Alvan,Broy,Caple,41678 Graedel Crossing,acapleke@sbwire.com,13/03/2024
736,Marji,Motto,Hatley,8 Grasskamp Drive,mhatleykf@surveymonkey.com,02/07/2023
737,Alexandro,Arstingall,Lenox,251 Butterfield Terrace,alenoxkg@go.com,05/04/2024
738,Flint,Piken,Stallworth,39 Fisk Junction,fstallworthkh@google.pl,19/08/2023
739,Allene,Swalwell,Minguet,14825 Butternut Drive,aminguetki@histats.com,10/08/2023
740,Emanuel,Livsey,Piccop,450 Kingsford Street,epiccopkj@stanford.edu,22/02/2024
741,Dallas,Grain,Ritter,13497 Sundown Terrace,dritterkk@nasa.gov,14/11/2023
742,Sim,Redhouse,Fussen,5737 Quincy Terrace,sfussenkl@bloglovin.com,18/11/2023
743,Luci,Clixby,Rhodes,3 Starling Street,lrhodeskm@surveymonkey.com,20/02/2024
744,Agata,Miliffe,Parsall,82351 Blue Bill Park Way,aparsallkn@prnewswire.com,09/05/2024
745,Edwina,Murrow,Showering,10 Mitchell Place,eshoweringko@nih.gov,14/10/2023
746,Che,Fortin,Norwell,1864 Jenna Plaza,cnorwellkp@wired.com,03/05/2024
747,Hally,Dwelling,Gourley,322 John Wall Drive,hgourleykq@ocn.ne.jp,15/05/2024
748,Lyman,Bayly,Asquith,18 Hermina Hill,lasquithkr@tmall.com,26/09/2023
749,Welch,MacGillespie,Strowan,6 Cherokee Hill,wstrowanks@technorati.com,25/07/2023
750,Ruthie,Crichten,Beese,62914 Forest Dale Road,rbeesekt@creativecommons.org,15/08/2023
751,Emmery,Sandercock,Rayner,063 Summer Ridge Pass,eraynerku@statcounter.com,10/01/2024
752,Merrie,Tarborn,Biford,25 Sachs Place,mbifordkv@google.ru,01/08/2023
753,Gwenni,Halfpenny,Aleksidze,1 Amoth Crossing,galeksidzekw@skype.com,18/05/2024
754,Garv,Birchett,Flewin,84258 International Circle,gflewinkx@naver.com,15/03/2024
755,Gregoor,Monkhouse,Pull,81 Di Loreto Center,gpullky@exblog.jp,23/03/2024
756,Paloma,Thorndycraft,Fenners,304 Old Gate Trail,pfennerskz@prlog.org,15/08/2023
757,Richart,Wille,Mees,309 Grover Trail,rmeesl0@mozilla.com,20/10/2023
758,Clio,Raithmill,Woodings,9101 Crownhardt Trail,cwoodingsl1@gizmodo.com,07/12/2023
759,Tadeas,Wyldbore,Pennicard,16 Crowley Point,tpennicardl2@altervista.org,07/12/2023
760,Webb,Breagan,Aylesbury,885 Bartelt Park,waylesburyl3@bloglovin.com,14/01/2024
761,Angeline,Ericssen,Pontin,93 Merrick Plaza,apontinl4@last.fm,12/05/2024
762,Maud,Coppens,Shakelade,841 Stephen Road,mshakeladel5@reddit.com,20/11/2023
763,Odelle,Buston,Archell,0991 Larry Trail,oarchelll6@elpais.com,17/12/2023
764,Eunice,Meatyard,Domesday,5 6th Trail,edomesdayl7@vinaora.com,13/10/2023
765,Leda,Britland,Lambis,9 Mcguire Trail,llambisl8@ucla.edu,23/08/2023
766,Clementine,Mathivon,Vaadeland,367 Grim Circle,cvaadelandl9@answers.com,08/12/2023
767,Christiane,Hurler,Godain,1386 Melrose Place,cgodainla@nyu.edu,13/02/2024
768,Livvie,Redferne,Dyka,162 Corscot Pass,ldykalb@geocities.com,28/08/2023
769,Edithe,Wynrehame,Moodey,1 Vernon Parkway,emoodeylc@cdbaby.com,10/12/2023
770,Sherline,Itzakson,Paula,533 Hovde Plaza,spaulald@chron.com,10/12/2023
771,Becky,Trask,Grimbaldeston,52 Pine View Parkway,bgrimbaldestonle@nba.com,16/01/2024
772,Eve,Apps,Parell,91 Butternut Lane,eparelllf@redcross.org,30/03/2024
773,Hadria,Laise,Sollime,38 Ridgeway Pass,hsollimelg@goodreads.com,02/07/2023
774,Jason,Byre,Oboy,251 Del Sol Lane,joboylh@sbwire.com,26/05/2024
775,Sabine,Butcher,Blazynski,13670 John Wall Trail,sblazynskili@nps.gov,17/11/2023
776,Pren,Goodale,Chamberlen,8 Ridgeway Terrace,pchamberlenlj@goodreads.com,17/09/2023
777,Rhett,Galiford,Wix,2113 Farwell Trail,rwixlk@sitemeter.com,12/08/2023
778,Cletus,Capini,Elward,921 Oakridge Terrace,celwardll@vistaprint.com,12/05/2024
779,Katlin,Lapsley,Dulake,4455 Menomonie Circle,kdulakelm@google.it,21/06/2023
780,Brynn,Authers,Keays,05758 Graedel Lane,bkeaysln@goodreads.com,28/09/2023
781,Fields,McKeag,Burrus,5 Del Sol Junction,fburruslo@miitbeian.gov.cn,08/11/2023
782,Chet,Solon,Grills,68605 Trailsway Avenue,cgrillslp@bloomberg.com,24/07/2023
783,Hillier,Whitmore,Huonic,49 Hollow Ridge Road,hhuoniclq@blogs.com,11/08/2023
784,Wilona,Clay,Danihel,3 Carey Avenue,wdanihellr@github.io,03/02/2024
785,Obadias,Petow,Toopin,213 Prairie Rose Place,otoopinls@sakura.ne.jp,27/12/2023
786,Fons,Jessope,Pllu,58684 Oakridge Road,fpllult@pen.io,04/05/2024
787,Kit,Bikker,Frearson,63293 Northfield Lane,kfrearsonlu@dyndns.org,02/10/2023
788,Isabeau,Conyer,O'Kennavain,2100 Brickson Park Avenue,iokennavainlv@ehow.com,05/08/2023
789,Florie,Gisborne,Pimlott,47 Oak Valley Parkway,fpimlottlw@ezinearticles.com,30/03/2024
790,Antoinette,Glentworth,Demer,8824 Ridgeview Court,ademerlx@opensource.org,27/09/2023
791,Amalia,Scheu,Coombe,19 Truax Trail,acoombely@exblog.jp,07/08/2023
792,Trev,Michie,Lafee,4 6th Parkway,tlafeelz@themeforest.net,19/05/2024
793,Concordia,Ambroisin,Mohammed,4569 6th Parkway,cmohammedm0@dion.ne.jp,09/02/2024
794,Binny,Duding,Fehely,468 Crest Line Avenue,bfehelym1@t-online.de,19/03/2024
795,Livvy,Eblein,MacGee,27 Blue Bill Park Terrace,lmacgeem2@ebay.co.uk,19/11/2023
796,Field,Raspel,Machel,2488 Hermina Pass,fmachelm3@google.com.br,01/01/2024
797,Forester,Bortoli,Depport,689 Mandrake Alley,fdepportm4@forbes.com,18/04/2024
798,Katharyn,Lowis,Emblem,90983 Hanover Place,kemblemm5@foxnews.com,23/05/2024
799,Augustine,Lade,Coast,535 Shasta Crossing,acoastm6@gnu.org,23/08/2023
800,Chance,Braim,Klarzynski,94 Larry Circle,cklarzynskim7@cnbc.com,07/06/2024
801,Rafa,Haulkham,Vasey,89 Weeping Birch Way,rvaseym8@amazon.co.uk,04/03/2024
802,Leora,Trittam,Valti,04484 Northfield Parkway,lvaltim9@examiner.com,10/02/2024
803,Eduardo,Fearnsides,Pointer,6053 Karstens Park,epointerma@chron.com,30/03/2024
804,Harlin,Jimeno,Brookz,1 Brentwood Street,hbrookzmb@tamu.edu,16/08/2023
805,Shena,Bartlett,O'Codihie,2 Doe Crossing Parkway,socodihiemc@auda.org.au,22/04/2024
806,Creighton,Petters,McNelis,1 Becker Road,cmcnelismd@xing.com,07/06/2024
807,Zenia,Lapre,Ellis,45 Anhalt Trail,zellisme@about.me,26/07/2023
808,Alistair,Pott,Ellingsworth,87 Little Fleur Point,aellingsworthmf@bloomberg.com,08/10/2023
809,Rey,Edsell,Klosa,05498 Annamark Lane,rklosamg@macromedia.com,16/05/2024
810,Kellia,Moutray Read,Owthwaite,5 Utah Street,kowthwaitemh@stumbleupon.com,28/03/2024
811,Sansone,Mowbury,Jollands,4 Namekagon Junction,sjollandsmi@mapquest.com,29/10/2023
812,Kathie,Crisp,Casswell,89 Southridge Road,kcasswellmj@yelp.com,05/10/2023
813,Trescha,Sullens,Bonett,17955 Sycamore Circle,tbonettmk@google.it,30/03/2024
814,Abbey,Eldon,Heminsley,13 Larry Terrace,aheminsleyml@bbb.org,14/03/2024
815,Karoly,Dowden,Pepon,9741 Crownhardt Circle,kpeponmm@discovery.com,04/06/2024
816,Lanni,Youel,Threadgould,7075 Jenifer Point,lthreadgouldmn@dagondesign.com,23/04/2024
817,Jonathon,Woodson,Crosio,1 Shopko Circle,jcrosiomo@people.com.cn,23/11/2023
818,Krishna,Vanin,Carlone,5693 Cherokee Drive,kcarlonemp@webs.com,28/10/2023
819,Glyn,Darbey,Gillie,385 Delladonna Center,ggilliemq@usa.gov,28/11/2023
820,Connor,Serot,Beteriss,0 Maryland Lane,cbeterissmr@squidoo.com,23/11/2023
821,Cully,Bewlay,Rusk,609 Hanover Way,cruskms@gizmodo.com,18/01/2024
822,Manda,Christian,Brideaux,63053 3rd Circle,mbrideauxmt@senate.gov,09/12/2023
823,Pacorro,Freschi,Kellert,7474 Oneill Street,pkellertmu@instagram.com,25/09/2023
824,Andree,Poel,Huke,9 Fisk Circle,ahukemv@thetimes.co.uk,09/04/2024
825,Garvey,Reboulet,Askwith,77 Wayridge Crossing,gaskwithmw@marketwatch.com,28/08/2023
826,Essa,Menhci,Aleshkov,39 Waxwing Lane,ealeshkovmx@squidoo.com,26/01/2024
827,Nicko,Stedall,Pankethman,67 Coleman Center,npankethmanmy@ycombinator.com,09/02/2024
828,Ulberto,Filippazzo,Vile,2 Westerfield Drive,uvilemz@upenn.edu,18/11/2023
829,Alyse,Duffree,Gladebeck,13820 Sutherland Crossing,agladebeckn0@free.fr,03/09/2023
830,Galvin,Saldler,Focke,8581 Pine View Place,gfocken1@miibeian.gov.cn,11/11/2023
831,Gae,Geldert,Kern,179 Oxford Avenue,gkernn2@dion.ne.jp,22/10/2023
832,Lanni,De Ferrari,Willbourne,810 Vermont Avenue,lwillbournen3@51.la,15/05/2024
833,Alvie,Boulstridge,Di Ruggero,964 Truax Lane,adiruggeron4@disqus.com,25/11/2023
834,Tova,Cokly,Knowlys,896 Calypso Terrace,tknowlysn5@abc.net.au,22/01/2024
835,Lin,MacVicar,Schwander,7 Rusk Park,lschwandern6@ask.com,20/04/2024
836,Kaile,Storres,Isaacs,42230 Havey Road,kisaacsn7@blogs.com,10/11/2023
837,Lulita,Salmoni,Stannus,1 Sundown Lane,lstannusn8@webnode.com,21/05/2024
838,Yancey,Patullo,Madigan,1 Columbus Lane,ymadigann9@uiuc.edu,17/02/2024
839,Tillie,Bottoner,McCrackem,2067 Garrison Alley,tmccrackemna@ucla.edu,06/10/2023
840,Judd,Searby,Willbourne,06 Oak Trail,jwillbournenb@livejournal.com,26/05/2024
841,Rosemarie,Winthrop,Somerbell,5 Fordem Parkway,rsomerbellnc@vkontakte.ru,28/07/2023
842,Susann,Palister,Rigby,0236 Montana Park,srigbynd@storify.com,20/02/2024
843,Rodd,Hanaby,Asken,1 Manley Crossing,raskenne@drupal.org,01/07/2023
844,Juliana,Paridge,Costi,058 Starling Pass,jcostinf@i2i.jp,26/10/2023
845,Arty,Gislebert,Conduit,37 Clarendon Park,aconduitng@cargocollective.com,03/12/2023
846,Chancey,Stanworth,Smedmore,8 Fair Oaks Crossing,csmedmorenh@home.pl,05/10/2023
847,Aubert,Skevington,Tribell,9283 American Junction,atribellni@squarespace.com,23/12/2023
848,Devlin,Hayto,Bodesson,3489 Farmco Circle,dbodessonnj@scribd.com,26/11/2023
849,Martin,Nutley,Emmerson,57567 Scoville Center,memmersonnk@mozilla.org,20/09/2023
850,Berte,Busswell,Snar,0741 Bowman Pass,bsnarnl@wp.com,03/01/2024
851,Candida,Gebb,Allingham,93955 Fordem Pass,callinghamnm@dion.ne.jp,27/08/2023
852,Willie,Storey,Kobera,7 Vahlen Junction,wkoberann@who.int,05/08/2023
853,Tamqrah,Roscam,Gummer,4 Shelley Junction,tgummerno@so-net.ne.jp,18/03/2024
854,Eddie,Skoggings,Quade,24409 Schiller Place,equadenp@smugmug.com,08/05/2024
855,Ingelbert,Wims,Heineken,287 Armistice Point,iheinekennq@newyorker.com,02/08/2023
856,Mirabelle,Knutton,Olensby,7022 Roth Trail,molensbynr@fastcompany.com,20/10/2023
857,Daron,Slater,Philipp,4546 Shelley Place,dphilippns@posterous.com,09/06/2023
858,Corbie,Ledger,Kobke,69157 Hintze Trail,ckobkent@etsy.com,11/05/2024
859,Grantham,Miguel,Awmack,615 Shopko Point,gawmacknu@businesswire.com,03/11/2023
860,Christiana,Ebbles,Dymock,933 Emmet Street,cdymocknv@github.io,16/08/2023
861,Burton,Cleve,Obin,771 Vahlen Center,bobinnw@vkontakte.ru,02/05/2024
862,Clemmie,Boncoeur,Pharrow,74065 Sloan Way,cpharrownx@bloglovin.com,11/05/2024
863,Hernando,Tomankiewicz,Goseling,9 South Street,hgoselingny@army.mil,01/09/2023
864,Nadine,Mangam,Stoppard,0 Novick Court,nstoppardnz@ask.com,06/04/2024
865,Brittaney,Ewdale,Frise,1112 School Terrace,bfriseo0@uol.com.br,31/03/2024
866,Magdaia,Hiskey,Stapleton,6 American Ash Court,mstapletono1@jugem.jp,14/05/2024
867,Tait,Pieter,Selman,09 Susan Trail,tselmano2@ezinearticles.com,18/09/2023
868,Nataline,Cregg,Comins,1671 Green Center,ncominso3@irs.gov,15/01/2024
869,Bernice,Cabel,Vaugham,195 Anzinger Junction,bvaughamo4@nationalgeographic.com,28/11/2023
870,Fanechka,Wyard,Andrioli,47 Lakewood Pass,fandriolio5@ebay.co.uk,19/09/2023
871,Anastasia,Guillem,Melsome,503 Jana Center,amelsomeo6@jiathis.com,31/03/2024
872,Isobel,Grose,Meeland,18 Evergreen Crossing,imeelando7@nature.com,08/09/2023
873,Duncan,Mosedale,Zorzutti,2478 Oxford Lane,dzorzuttio8@drupal.org,12/08/2023
874,Tristan,Ciobotaro,Bignell,8 Little Fleur Pass,tbignello9@mapquest.com,26/11/2023
875,Carilyn,Pirouet,Whewell,4672 Mosinee Point,cwhewelloa@godaddy.com,29/02/2024
876,Helen-elizabeth,OIlier,Scopyn,42685 Alpine Court,hscopynob@imageshack.us,30/05/2024
877,Goddart,Bayle,Eyckelbeck,5 Oneill Point,geyckelbeckoc@163.com,26/03/2024
878,Bondon,Jinks,Nerval,31 Milwaukee Drive,bnervalod@state.gov,10/05/2024
879,Emmaline,Relf,Cotgrave,508 Gale Street,ecotgraveoe@cam.ac.uk,27/07/2023
880,Amble,Marthen,Groom,1867 Buell Trail,agroomof@istockphoto.com,24/11/2023
881,Skylar,Harlowe,Baxster,5 Towne Hill,sbaxsterog@dmoz.org,16/12/2023
882,Billi,Bernolet,Billion,2 Linden Center,bbillionoh@epa.gov,08/03/2024
883,Heidi,Locks,Mix,3654 Pankratz Circle,hmixoi@msn.com,31/10/2023
884,Ivy,Joriot,Martinon,0 Goodland Plaza,imartinonoj@rakuten.co.jp,11/01/2024
885,Garrot,Alldridge,Flucks,0918 Paget Road,gflucksok@discuz.net,29/11/2023
886,Tricia,Hindsberg,Sighard,10323 Lawn Lane,tsighardol@google.com,22/02/2024
887,Janean,Huggen,Collingridge,3218 Oneill Center,jcollingridgeom@fema.gov,09/10/2023
888,Libbey,MacGinney,Tarzey,839 Dunning Circle,ltarzeyon@phoca.cz,11/05/2024
889,Faulkner,Amis,Milington,2 Granby Avenue,fmilingtonoo@123-reg.co.uk,10/10/2023
890,Carline,Warters,Aneley,38 6th Trail,caneleyop@businessinsider.com,18/01/2024
891,Aarika,Willson,Clemetts,22 Hintze Plaza,aclemettsoq@51.la,04/10/2023
892,Perry,McGuff,Turnpenny,0 Nelson Park,pturnpennyor@fotki.com,20/11/2023
893,Reagen,Justis,Kemitt,4 Cordelia Hill,rkemittos@digg.com,28/07/2023
894,Danya,Coakley,Pren,7095 Onsgard Road,dprenot@nymag.com,21/01/2024
895,Abbey,Annakin,Reddy,278 Killdeer Park,areddyou@istockphoto.com,24/09/2023
896,Rory,Abbett,Matyasik,1919 Pennsylvania Trail,rmatyasikov@youku.com,13/07/2023
897,Andeee,Pioli,Matuska,1427 Northland Center,amatuskaow@weebly.com,26/05/2024
898,Oralle,Kleinplatz,Elgie,85 Grasskamp Plaza,oelgieox@vistaprint.com,06/04/2024
899,Frans,Basso,Parkyns,1 Katie Plaza,fparkynsoy@qq.com,29/04/2024
900,Tremain,Kermannes,Stotherfield,58 Westridge Hill,tstotherfieldoz@people.com.cn,09/07/2023
901,Hortense,Beggio,Peascod,64 Bartelt Crossing,hpeascodp0@cisco.com,10/03/2024
902,Morley,Simonato,Askie,63392 Independence Crossing,maskiep1@usatoday.com,10/05/2024
903,Karly,Beceril,Blindmann,0883 Sullivan Lane,kblindmannp2@yelp.com,16/12/2023
904,Isidore,Beddo,Creaney,270 Ridgeway Alley,icreaneyp3@telegraph.co.uk,02/08/2023
905,Sander,Bacher,Dell 'Orto,609 Becker Place,sdellortop4@toplist.cz,30/01/2024
906,Corette,Mannin,MacClure,58147 Independence Hill,cmacclurep5@amazon.co.jp,14/07/2023
907,Teressa,Busst,Hurkett,1 Maywood Center,thurkettp6@wordpress.org,05/07/2023
908,Welsh,Sayre,MacMoyer,6 Melby Plaza,wmacmoyerp7@newsvine.com,20/02/2024
909,Xenia,Battell,Bradly,476 Leroy Park,xbradlyp8@microsoft.com,27/06/2023
910,Caresa,Rawstorne,Thews,09172 Melrose Crossing,cthewsp9@nih.gov,09/04/2024
911,Swen,Theobold,Baudino,19 Veith Trail,sbaudinopa@github.io,11/08/2023
912,Heidie,Waring,Mabbs,2643 Petterle Terrace,hmabbspb@ameblo.jp,24/09/2023
913,Pia,Championnet,Durn,95972 Susan Road,pdurnpc@bigcartel.com,14/08/2023
914,Morgan,Leng,Ragbourne,35 Jana Trail,mragbournepd@jalbum.net,23/10/2023
915,Shannah,Haylor,Gooderick,9 Twin Pines Park,sgooderickpe@theglobeandmail.com,16/03/2024
916,Skip,Weld,Quarles,620 Macpherson Hill,squarlespf@geocities.jp,04/05/2024
917,Sybil,Pickerin,Pittendreigh,4248 Merry Way,spittendreighpg@slashdot.org,12/11/2023
918,Lezlie,Bergstram,Lage,37 Ridge Oak Trail,llageph@dion.ne.jp,12/01/2024
919,Samara,Hayball,Vernalls,6 Sage Center,svernallspi@artisteer.com,18/05/2024
920,Kailey,Lawlan,Ledwidge,11 Talmadge Lane,kledwidgepj@intel.com,18/04/2024
921,Stephan,Stickney,Skelbeck,3 Rieder Terrace,sskelbeckpk@yolasite.com,16/06/2023
922,Asher,Reditt,Nortunen,6 Spohn Plaza,anortunenpl@ebay.co.uk,24/01/2024
923,Ingram,Lauder,Sandey,73136 Pankratz Place,isandeypm@buzzfeed.com,05/07/2023
924,Constantia,Flacknell,Longdon,0514 Hooker Street,clongdonpn@abc.net.au,21/11/2023
925,Jerry,Godlonton,Rainard,40 La Follette Road,jrainardpo@toplist.cz,25/12/2023
926,Yurik,Stollenwerck,Palmar,431 Fisk Circle,ypalmarpp@geocities.com,11/10/2023
927,Glory,Corter,Clawe,6 Weeping Birch Lane,gclawepq@deliciousdays.com,17/05/2024
928,Benito,Durie,Treweek,9138 Erie Avenue,btreweekpr@csmonitor.com,27/01/2024
929,Federica,Ladson,Seacombe,1227 Hoffman Drive,fseacombeps@comsenz.com,08/03/2024
930,Giordano,Craig,Jeffree,64 Sundown Pass,gjeffreept@elpais.com,15/05/2024
931,Ker,Doddrell,Sirett,671 Boyd Park,ksirettpu@barnesandnoble.com,20/06/2023
932,Krishnah,Cullingford,Kesper,90748 Randy Pass,kkesperpv@discovery.com,17/06/2023
933,Dean,Parffrey,Orviss,28 Tennessee Court,dorvisspw@amazon.co.uk,20/01/2024
934,Sibyl,Kirke,Bordis,693 Nancy Point,sbordispx@china.com.cn,02/09/2023
935,Rosella,Powe,Dalziel,29587 Surrey Street,rdalzielpy@clickbank.net,26/01/2024
936,Kaylee,Inmett,Morl,92 Wayridge Lane,kmorlpz@nba.com,06/12/2023
937,Addie,Mugg,Mulhall,34693 Ridgeview Park,amulhallq0@blog.com,09/05/2024
938,Marris,Zukerman,Nezey,766 Monument Court,mnezeyq1@biblegateway.com,09/03/2024
939,Waylen,Dumpleton,West-Frimley,97 Schmedeman Drive,wwestfrimleyq2@mlb.com,26/06/2023
940,Jolene,Dolden,Wattinham,560 Pleasure Parkway,jwattinhamq3@un.org,01/03/2024
941,Maurita,Iwanicki,Fairy,70 Schmedeman Hill,mfairyq4@go.com,29/05/2024
942,Leonore,Jeram,Gravy,11634 Loomis Junction,lgravyq5@altervista.org,25/05/2024
943,Tillie,Sanderson,Cod,96706 Nancy Street,tcodq6@sciencedirect.com,03/04/2024
944,Auroora,Carrack,Murphy,03740 American Pass,amurphyq7@upenn.edu,27/12/2023
945,Tansy,Frangione,Gaymer,934 Packers Junction,tgaymerq8@alibaba.com,23/09/2023
946,Marji,Dunthorn,Geyton,4 Northport Point,mgeytonq9@ning.com,02/10/2023
947,Margret,Enriques,Littefair,07 Jana Hill,mlittefairqa@weather.com,08/09/2023
948,Ebba,Guerrieri,Choffin,63871 Monterey Point,echoffinqb@1und1.de,16/11/2023
949,Preston,Shefton,Jeandon,0 Dottie Way,pjeandonqc@dyndns.org,28/03/2024
950,Wallace,Grassot,Glynn,49670 Forster Place,wglynnqd@xinhuanet.com,21/03/2024
951,Carol-jean,Isakson,Antonchik,21281 Moland Road,cantonchikqe@accuweather.com,11/06/2023
952,Dorelia,Leafe,Pryce,5 Delaware Hill,dpryceqf@exblog.jp,06/12/2023
953,Sandi,Begwell,Chilver,4 Karstens Pass,schilverqg@google.com,18/06/2023
954,Wilt,Rose,Puttick,113 Pond Road,wputtickqh@aol.com,06/01/2024
955,Juliane,Osborn,Greendale,06 Algoma Hill,jgreendaleqi@redcross.org,19/12/2023
956,Hewett,Brodbin,Bish,718 Jackson Drive,hbishqj@google.cn,04/08/2023
957,Clemente,Skudder,Daber,12 Kenwood Center,cdaberqk@nifty.com,24/10/2023
958,Rahal,Andrag,Anderl,231 School Court,randerlql@vistaprint.com,28/11/2023
959,Thorsten,Antrum,Lehrmann,78996 Oriole Road,tlehrmannqm@sohu.com,25/03/2024
960,Salomo,Danielsson,Syrie,83 Lindbergh Circle,ssyrieqn@skype.com,26/03/2024
961,Peyton,Balaizot,Buse,2396 Bultman Circle,pbuseqo@ihg.com,07/01/2024
962,Nicoli,Passby,Tomet,02440 Caliangt Park,ntometqp@statcounter.com,04/02/2024
963,Alayne,Maskell,Straughan,809 Doe Crossing Parkway,astraughanqq@bbb.org,21/08/2023
964,Michel,McTrustam,Fold,264 Stoughton Lane,mfoldqr@163.com,15/06/2023
965,Priscilla,Doody,Nitto,3 Stang Circle,pnittoqs@geocities.com,18/06/2023
966,Jammal,Stringer,Chedgey,8157 Macpherson Street,jchedgeyqt@wunderground.com,17/03/2024
967,Goran,Philippson,Bremmer,08592 Kipling Road,gbremmerqu@rambler.ru,16/02/2024
968,Thoma,Francom,Pea,4396 Superior Hill,tpeaqv@facebook.com,03/04/2024
969,Zebulen,Hoyes,Kilbane,2 Trailsway Way,zkilbaneqw@nationalgeographic.com,13/05/2024
970,Gwynne,Sowrey,Muckle,086 Mariners Cove Park,gmuckleqx@icio.us,19/01/2024
971,Anthiathia,McConville,Colman,8703 Sundown Street,acolmanqy@ezinearticles.com,16/08/2023
972,Joceline,Rains,Birts,6720 Dunning Way,jbirtsqz@yandex.ru,20/11/2023
973,Vidovic,Litel,Metzig,5401 Cambridge Center,vmetzigr0@va.gov,03/07/2023
974,Abie,Dengel,Mort,831 Old Shore Drive,amortr1@webeden.co.uk,13/09/2023
975,Silvano,Joutapaitis,Pim,4418 Vera Trail,spimr2@4shared.com,25/08/2023
976,Rodolph,Mahody,Keming,88370 Little Fleur Point,rkemingr3@ucoz.ru,28/10/2023
977,Jerrine,Albarez,Lawles,31 Moland Trail,jlawlesr4@berkeley.edu,16/10/2023
978,Sybille,Basset,Raeside,024 Moose Parkway,sraesider5@creativecommons.org,31/05/2024
979,Ashleigh,Clegg,Righy,55968 Riverside Drive,arighyr6@hostgator.com,15/09/2023
980,Diana,Karys,Sibery,4 Claremont Hill,dsiberyr7@live.com,05/04/2024
981,Boot,Geerdts,MacKnockiter,9261 Sherman Trail,bmacknockiterr8@scientificamerican.com,08/11/2023
982,Freddie,Niesegen,Duffil,6191 Cody Lane,fduffilr9@mlb.com,25/09/2023
983,Nikaniki,Dmtrovic,Hains,02987 Rutledge Hill,nhainsra@surveymonkey.com,30/10/2023
984,Shawna,Schimpke,Windrass,55 Pierstorff Center,swindrassrb@creativecommons.org,31/03/2024
985,Micheline,Sumers,Arrandale,029 Moland Hill,marrandalerc@ycombinator.com,03/07/2023
986,Alicea,Huffadine,Ruberti,843 Kenwood Avenue,arubertird@cafepress.com,23/11/2023
987,Marylynne,Axby,Mcwhinney,3 Laurel Road,mmcwhinneyre@mysql.com,16/03/2024
988,Clem,Sneesby,Wem,3616 Oak Road,cwemrf@theguardian.com,28/08/2023
989,Jennie,Cancelier,Boud,009 Moulton Street,jboudrg@cisco.com,01/12/2023
990,Briggs,Meas,Stickney,363 Merry Center,bstickneyrh@youtu.be,02/12/2023
991,Hayward,Crookston,Perse,2 Hoffman Way,hperseri@umn.edu,09/05/2024
992,Maiga,Gronno,Tuffield,01321 Randy Crossing,mtuffieldrj@msn.com,14/02/2024
993,Viviyan,Tabour,Ruppele,1 Messerschmidt Park,vruppelerk@hexun.com,18/08/2023
994,Morganica,de Banke,Baggott,9418 Jenna Pass,mbaggottrl@naver.com,21/07/2023
995,Ursula,Cammell,Danielsky,18114 Daystar Drive,udanielskyrm@smh.com.au,06/12/2023
996,Roy,Venmore,Ellingsworth,1 Northview Park,rellingsworthrn@unesco.org,24/05/2024
997,Holly,Speenden,Trulock,8 Calypso Terrace,htrulockro@tuttocitta.it,12/02/2024
998,Leonardo,De la croix,Kees,66299 Mayfield Crossing,lkeesrp@facebook.com,17/09/2023
999,Miriam,Tremmil,Harrill,84 Upham Park,mharrillrq@dot.gov,03/06/2024
1000,Dennison,Trippett,Bowhay,353 East Center,dbowhayrr@google.it,25/08/2023
